OldName,NewNamespace,toolkit
BRepAdaptor_CompCurve,model::adapter,TKBRep
BRepAdaptor_Curve,model::adapter,TKBRep
BRepAdaptor_Curve2d,model::adapter,TKBRep
BRepAdaptor_Surface,model::adapter,TKBRep
BRepLProp,model::localproperties,TKBRep
BRepLProp_CLProps,model::localproperties,TKBRep
BRepLProp_CurveTool,model::localproperties,TKBRep
BRepLProp_SLProps,model::localproperties,TKBRep
BRepLProp_SurfaceTool,model::localproperties,TKBRep
BRepTools,model::utils,TKBRep
BRepTools_CopyModification,model::utils,TKBRep
BRepTools_GTrsfModification,model::utils,TKBRep
BRepTools_History,model::utils,TKBRep
BRepTools_Modification,model::utils,TKBRep
BRepTools_Modifier,model::utils,TKBRep
BRepTools_NurbsConvertModification,model::utils,TKBRep
BRepTools_PurgeLocations,model::utils,TKBRep
BRepTools_Quilt,model::utils,TKBRep
BRepTools_ReShape,model::utils,TKBRep
BRepTools_ShapeSet,model::utils,TKBRep
BRepTools_Substitution,model::utils,TKBRep
BRepTools_TrsfModification,model::utils,TKBRep
BRepTools_WireExplorer,model::utils,TKBRep
BRep_Builder,model,TKBRep
BRep_Curve3D,model,TKBRep
BRep_CurveOn2Surfaces,model,TKBRep
BRep_CurveOnClosedSurface,model,TKBRep
BRep_CurveOnSurface,model,TKBRep
BRep_CurveRepresentation,model,TKBRep
BRep_GCurve,model,TKBRep
BRep_PointOnCurve,model,TKBRep
BRep_PointOnCurveOnSurface,model,TKBRep
BRep_PointOnSurface,model,TKBRep
BRep_PointRepresentation,model,TKBRep
BRep_PointsOnSurface,model,TKBRep
BRep_Polygon3D,model,TKBRep
BRep_PolygonOnClosedSurface,model,TKBRep
BRep_PolygonOnClosedTriangulation,model,TKBRep
BRep_PolygonOnSurface,model,TKBRep
BRep_PolygonOnTriangulation,model,TKBRep
BRep_TEdge,model,TKBRep
BRep_TFace,model,TKBRep
BRep_TVertex,model,TKBRep
BRep_Tool,model,TKBRep
BinTools,app::storage::binary::tools,TKBRep
BinTools_Curve2dSet,app::storage::binary::tools,TKBRep
BinTools_CurveSet,app::storage::binary::tools,TKBRep
BinTools_IStream,app::storage::binary::tools,TKBRep
BinTools_LocationSet,app::storage::binary::tools,TKBRep
BinTools_OStream,app::storage::binary::tools,TKBRep
BinTools_ShapeReader,app::storage::binary::tools,TKBRep
BinTools_ShapeSet,app::storage::binary::tools,TKBRep
BinTools_ShapeSetBase,app::storage::binary::tools,TKBRep
BinTools_ShapeWriter,app::storage::binary::tools,TKBRep
BinTools_SurfaceSet,app::storage::binary::tools,TKBRep
TopExp,topology::explorer,TKBRep
TopExp_Explorer,topology::explorer,TKBRep
TopTools,topology::utils,TKBRep
TopTools_LocationSet,topology::utils,TKBRep
TopTools_ShapeMapHasher,topology::utils,TKBRep
TopTools_ShapeSet,topology::utils,TKBRep
TopoDS_AlertAttribute,topology,TKBRep
TopoDS_AlertWithShape,topology,TKBRep
TopoDS_Builder,topology,TKBRep
TopoDS_CompSolid,topology,TKBRep
TopoDS_Compound,topology,TKBRep
TopoDS_Edge,topology,TKBRep
TopoDS_Face,topology,TKBRep
TopoDS_FrozenShape,topology,TKBRep
TopoDS_HShape,topology,TKBRep
TopoDS_Iterator,topology,TKBRep
TopoDS_LockedShape,topology,TKBRep
TopoDS_Shape,topology,TKBRep
TopoDS_Shell,topology,TKBRep
TopoDS_Solid,topology,TKBRep
TopoDS_TCompSolid,topology,TKBRep
TopoDS_TCompound,topology,TKBRep
TopoDS_TEdge,topology,TKBRep
TopoDS_TFace,topology,TKBRep
TopoDS_TShape,topology,TKBRep
TopoDS_TShell,topology,TKBRep
TopoDS_TSolid,topology,TKBRep
TopoDS_TVertex,topology,TKBRep
TopoDS_TWire,topology,TKBRep
TopoDS_UnCompatibleShapes,topology,TKBRep
TopoDS_Vertex,topology,TKBRep
TopoDS_Wire,topology,TKBRep
BinDrivers,app::storage::binary::drivers,TKBin
BinDrivers_DocumentRetrievalDriver,app::storage::binary::drivers,TKBin
BinDrivers_DocumentStorageDriver,app::storage::binary::drivers,TKBin
BinMDataXtd,app::storage::binary::dataxtd,TKBin
BinMDataXtd_ConstraintDriver,app::storage::binary::dataxtd,TKBin
BinMDataXtd_GeometryDriver,app::storage::binary::dataxtd,TKBin
BinMDataXtd_PatternStdDriver,app::storage::binary::dataxtd,TKBin
BinMDataXtd_PositionDriver,app::storage::binary::dataxtd,TKBin
BinMDataXtd_PresentationDriver,app::storage::binary::dataxtd,TKBin
BinMDataXtd_TriangulationDriver,app::storage::binary::dataxtd,TKBin
BinMNaming,app::storage::binary::naming,TKBin
BinMNaming_NamedShapeDriver,app::storage::binary::naming,TKBin
BinMNaming_NamingDriver,app::storage::binary::naming,TKBin
BinLDrivers,app::storage::binary::litedrivers,TKBinL
BinLDrivers_DocumentRetrievalDriver,app::storage::binary::litedrivers,TKBinL
BinLDrivers_DocumentSection,app::storage::binary::litedrivers,TKBinL
BinLDrivers_DocumentStorageDriver,app::storage::binary::litedrivers,TKBinL
BinMDF,app::storage::binary::mdf,TKBinL
BinMDF_ADriver,app::storage::binary::mdf,TKBinL
BinMDF_ADriverTable,app::storage::binary::mdf,TKBinL
BinMDF_DerivedDriver,app::storage::binary::mdf,TKBinL
BinMDF_ReferenceDriver,app::storage::binary::mdf,TKBinL
BinMDF_TagSourceDriver,app::storage::binary::mdf,TKBinL
BinMDataStd,app::storage::binary::datastd,TKBinL
BinMDataStd_AsciiStringDriver,app::storage::binary::datastd,TKBinL
BinMDataStd_BooleanArrayDriver,app::storage::binary::datastd,TKBinL
BinMDataStd_BooleanListDriver,app::storage::binary::datastd,TKBinL
BinMDataStd_ByteArrayDriver,app::storage::binary::datastd,TKBinL
BinMDataStd_ExpressionDriver,app::storage::binary::datastd,TKBinL
BinMDataStd_ExtStringArrayDriver,app::storage::binary::datastd,TKBinL
BinMDataStd_ExtStringListDriver,app::storage::binary::datastd,TKBinL
BinMDataStd_GenericEmptyDriver,app::storage::binary::datastd,TKBinL
BinMDataStd_GenericExtStringDriver,app::storage::binary::datastd,TKBinL
BinMDataStd_IntPackedMapDriver,app::storage::binary::datastd,TKBinL
BinMDataStd_IntegerArrayDriver,app::storage::binary::datastd,TKBinL
BinMDataStd_IntegerDriver,app::storage::binary::datastd,TKBinL
BinMDataStd_IntegerListDriver,app::storage::binary::datastd,TKBinL
BinMDataStd_NamedDataDriver,app::storage::binary::datastd,TKBinL
BinMDataStd_RealArrayDriver,app::storage::binary::datastd,TKBinL
BinMDataStd_RealDriver,app::storage::binary::datastd,TKBinL
BinMDataStd_RealListDriver,app::storage::binary::datastd,TKBinL
BinMDataStd_ReferenceArrayDriver,app::storage::binary::datastd,TKBinL
BinMDataStd_ReferenceListDriver,app::storage::binary::datastd,TKBinL
BinMDataStd_TreeNodeDriver,app::storage::binary::datastd,TKBinL
BinMDataStd_UAttributeDriver,app::storage::binary::datastd,TKBinL
BinMDataStd_VariableDriver,app::storage::binary::datastd,TKBinL
BinMDocStd,app::storage::binary::docstd,TKBinL
BinMDocStd_XLinkDriver,app::storage::binary::docstd,TKBinL
BinMFunction,app::storage::binary::function,TKBinL
BinMFunction_FunctionDriver,app::storage::binary::function,TKBinL
BinMFunction_GraphNodeDriver,app::storage::binary::function,TKBinL
BinMFunction_ScopeDriver,app::storage::binary::function,TKBinL
BinObjMgt_Persistent,app::storage::binary::management,TKBinL
BinObjMgt_Position,app::storage::binary::management,TKBinL
BinObjMgt_RRelocationTable,app::storage::binary::management,TKBinL
BinTObjDrivers,app::storage::binary::tobj,TKBinTObj
BinTObjDrivers_DocumentRetrievalDriver,app::storage::binary::tobj,TKBinTObj
BinTObjDrivers_DocumentStorageDriver,app::storage::binary::tobj,TKBinTObj
BinTObjDrivers_IntSparseArrayDriver,app::storage::binary::tobj,TKBinTObj
BinTObjDrivers_ModelDriver,app::storage::binary::tobj,TKBinTObj
BinTObjDrivers_ObjectDriver,app::storage::binary::tobj,TKBinTObj
BinTObjDrivers_ReferenceDriver,app::storage::binary::tobj,TKBinTObj
BinTObjDrivers_XYZDriver,app::storage::binary::tobj,TKBinTObj
BinMXCAFDoc,app::storage::binary::xcaf,TKBinXCAF
BinMXCAFDoc_AssemblyItemRefDriver,app::storage::binary::xcaf,TKBinXCAF
BinMXCAFDoc_CentroidDriver,app::storage::binary::xcaf,TKBinXCAF
BinMXCAFDoc_ColorDriver,app::storage::binary::xcaf,TKBinXCAF
BinMXCAFDoc_DatumDriver,app::storage::binary::xcaf,TKBinXCAF
BinMXCAFDoc_DimTolDriver,app::storage::binary::xcaf,TKBinXCAF
BinMXCAFDoc_GraphNodeDriver,app::storage::binary::xcaf,TKBinXCAF
BinMXCAFDoc_LengthUnitDriver,app::storage::binary::xcaf,TKBinXCAF
BinMXCAFDoc_LocationDriver,app::storage::binary::xcaf,TKBinXCAF
BinMXCAFDoc_MaterialDriver,app::storage::binary::xcaf,TKBinXCAF
BinMXCAFDoc_NoteBinDataDriver,app::storage::binary::xcaf,TKBinXCAF
BinMXCAFDoc_NoteCommentDriver,app::storage::binary::xcaf,TKBinXCAF
BinMXCAFDoc_NoteDriver,app::storage::binary::xcaf,TKBinXCAF
BinMXCAFDoc_VisMaterialDriver,app::storage::binary::xcaf,TKBinXCAF
BinMXCAFDoc_VisMaterialToolDriver,app::storage::binary::xcaf,TKBinXCAF
BinXCAFDrivers,app::storage::binary::xcaf::drivers,TKBinXCAF
BinXCAFDrivers_DocumentRetrievalDriver,app::storage::binary::xcaf::drivers,TKBinXCAF
BinXCAFDrivers_DocumentStorageDriver,app::storage::binary::xcaf::drivers,TKBinXCAF
BRepAlgo,algorithm::brep::legacy,TKBool
BRepAlgo_AsDes,algorithm::brep::legacy,TKBool
BRepAlgo_FaceRestrictor,algorithm::brep::legacy,TKBool
BRepAlgo_Image,algorithm::brep::legacy,TKBool
BRepAlgo_Loop,algorithm::brep::legacy,TKBool
BRepAlgo_NormalProjection,algorithm::brep::legacy,TKBool
BRepFill,algorithm::filling,TKBool
BRepFill_ACRLaw,algorithm::filling,TKBool
BRepFill_AdvancedEvolved,algorithm::filling,TKBool
BRepFill_ApproxSeewing,algorithm::filling,TKBool
BRepFill_CompatibleWires,algorithm::filling,TKBool
BRepFill_ComputeCLine,algorithm::filling,TKBool
BRepFill_CurveConstraint,algorithm::filling,TKBool
BRepFill_Draft,algorithm::filling,TKBool
BRepFill_DraftLaw,algorithm::filling,TKBool
BRepFill_Edge3DLaw,algorithm::filling,TKBool
BRepFill_EdgeFaceAndOrder,algorithm::filling,TKBool
BRepFill_EdgeOnSurfLaw,algorithm::filling,TKBool
BRepFill_Evolved,algorithm::filling,TKBool
BRepFill_FaceAndOrder,algorithm::filling,TKBool
BRepFill_Filling,algorithm::filling,TKBool
BRepFill_Generator,algorithm::filling,TKBool
BRepFill_LocationLaw,algorithm::filling,TKBool
BRepFill_MultiLine,algorithm::filling,TKBool
BRepFill_NSections,algorithm::filling,TKBool
BRepFill_OffsetAncestors,algorithm::filling,TKBool
BRepFill_OffsetWire,algorithm::filling,TKBool
BRepFill_Pipe,algorithm::filling,TKBool
BRepFill_PipeShell,algorithm::filling,TKBool
BRepFill_Section,algorithm::filling,TKBool
BRepFill_SectionLaw,algorithm::filling,TKBool
BRepFill_SectionPlacement,algorithm::filling,TKBool
BRepFill_ShapeLaw,algorithm::filling,TKBool
BRepFill_Sweep,algorithm::filling,TKBool
BRepFill_TrimEdgeTool,algorithm::filling,TKBool
BRepFill_TrimShellCorner,algorithm::filling,TKBool
BRepFill_TrimSurfaceTool,algorithm::filling,TKBool
BRepProj_Projection,algorithm::projection,TKBool
TopOpeBRep,algorithm::boolean::legacy,TKBool
TopOpeBRepBuild_Area1dBuilder,algorithm::boolean::legacy::build,TKBool
TopOpeBRepBuild_Area2dBuilder,algorithm::boolean::legacy::build,TKBool
TopOpeBRepBuild_Area3dBuilder,algorithm::boolean::legacy::build,TKBool
TopOpeBRepBuild_AreaBuilder,algorithm::boolean::legacy::build,TKBool
TopOpeBRepBuild_BlockBuilder,algorithm::boolean::legacy::build,TKBool
TopOpeBRepBuild_BlockIterator,algorithm::boolean::legacy::build,TKBool
TopOpeBRepBuild_Builder,algorithm::boolean::legacy::build,TKBool
TopOpeBRepBuild_Builder1,algorithm::boolean::legacy::build,TKBool
TopOpeBRepBuild_BuilderON,algorithm::boolean::legacy::build,TKBool
TopOpeBRepBuild_CompositeClassifier,algorithm::boolean::legacy::build,TKBool
TopOpeBRepBuild_CorrectFace2d,algorithm::boolean::legacy::build,TKBool
TopOpeBRepBuild_EdgeBuilder,algorithm::boolean::legacy::build,TKBool
TopOpeBRepBuild_FaceAreaBuilder,algorithm::boolean::legacy::build,TKBool
TopOpeBRepBuild_FaceBuilder,algorithm::boolean::legacy::build,TKBool
TopOpeBRepBuild_FuseFace,algorithm::boolean::legacy::build,TKBool
TopOpeBRepBuild_GIter,algorithm::boolean::legacy::build,TKBool
TopOpeBRepBuild_GTool,algorithm::boolean::legacy::build,TKBool
TopOpeBRepBuild_GTopo,algorithm::boolean::legacy::build,TKBool
TopOpeBRepBuild_HBuilder,algorithm::boolean::legacy::build,TKBool
TopOpeBRepBuild_Loop,algorithm::boolean::legacy::build,TKBool
TopOpeBRepBuild_LoopClassifier,algorithm::boolean::legacy::build,TKBool
TopOpeBRepBuild_LoopSet,algorithm::boolean::legacy::build,TKBool
TopOpeBRepBuild_Pave,algorithm::boolean::legacy::build,TKBool
TopOpeBRepBuild_PaveClassifier,algorithm::boolean::legacy::build,TKBool
TopOpeBRepBuild_PaveSet,algorithm::boolean::legacy::build,TKBool
TopOpeBRepBuild_ShapeListOfShape,algorithm::boolean::legacy::build,TKBool
TopOpeBRepBuild_ShapeSet,algorithm::boolean::legacy::build,TKBool
TopOpeBRepBuild_ShellFaceClassifier,algorithm::boolean::legacy::build,TKBool
TopOpeBRepBuild_ShellFaceSet,algorithm::boolean::legacy::build,TKBool
TopOpeBRepBuild_ShellToSolid,algorithm::boolean::legacy::build,TKBool
TopOpeBRepBuild_SolidAreaBuilder,algorithm::boolean::legacy::build,TKBool
TopOpeBRepBuild_SolidBuilder,algorithm::boolean::legacy::build,TKBool
TopOpeBRepBuild_Tools,algorithm::boolean::legacy::build,TKBool
TopOpeBRepBuild_Tools2d,algorithm::boolean::legacy::build,TKBool
TopOpeBRepBuild_VertexInfo,algorithm::boolean::legacy::build,TKBool
TopOpeBRepBuild_WireEdgeClassifier,algorithm::boolean::legacy::build,TKBool
TopOpeBRepBuild_WireEdgeSet,algorithm::boolean::legacy::build,TKBool
TopOpeBRepBuild_WireToFace,algorithm::boolean::legacy::build,TKBool
TopOpeBRepDS,algorithm::boolean::legacy::ds,TKBool
TopOpeBRepDS_Association,algorithm::boolean::legacy::ds,TKBool
TopOpeBRepDS_BuildTool,algorithm::boolean::legacy::ds,TKBool
TopOpeBRepDS_Check,algorithm::boolean::legacy::ds,TKBool
TopOpeBRepDS_Curve,algorithm::boolean::legacy::ds,TKBool
TopOpeBRepDS_CurveData,algorithm::boolean::legacy::ds,TKBool
TopOpeBRepDS_CurveExplorer,algorithm::boolean::legacy::ds,TKBool
TopOpeBRepDS_CurveIterator,algorithm::boolean::legacy::ds,TKBool
TopOpeBRepDS_CurvePointInterference,algorithm::boolean::legacy::ds,TKBool
TopOpeBRepDS_DataStructure,algorithm::boolean::legacy::ds,TKBool
TopOpeBRepDS_Dumper,algorithm::boolean::legacy::ds,TKBool
TopOpeBRepDS_EIR,algorithm::boolean::legacy::ds,TKBool
TopOpeBRepDS_Edge3dInterferenceTool,algorithm::boolean::legacy::ds,TKBool
TopOpeBRepDS_EdgeInterferenceTool,algorithm::boolean::legacy::ds,TKBool
TopOpeBRepDS_EdgeVertexInterference,algorithm::boolean::legacy::ds,TKBool
TopOpeBRepDS_Explorer,algorithm::boolean::legacy::ds,TKBool
TopOpeBRepDS_FIR,algorithm::boolean::legacy::ds,TKBool
TopOpeBRepDS_FaceEdgeInterference,algorithm::boolean::legacy::ds,TKBool
TopOpeBRepDS_FaceInterferenceTool,algorithm::boolean::legacy::ds,TKBool
TopOpeBRepDS_Filter,algorithm::boolean::legacy::ds,TKBool
TopOpeBRepDS_GapFiller,algorithm::boolean::legacy::ds,TKBool
TopOpeBRepDS_GapTool,algorithm::boolean::legacy::ds,TKBool
TopOpeBRepDS_GeometryData,algorithm::boolean::legacy::ds,TKBool
TopOpeBRepDS_HDataStructure,algorithm::boolean::legacy::ds,TKBool
TopOpeBRepDS_Interference,algorithm::boolean::legacy::ds,TKBool
TopOpeBRepDS_InterferenceIterator,algorithm::boolean::legacy::ds,TKBool
TopOpeBRepDS_InterferenceTool,algorithm::boolean::legacy::ds,TKBool
TopOpeBRepDS_ListOfShapeOn1State,algorithm::boolean::legacy::ds,TKBool
TopOpeBRepDS_Marker,algorithm::boolean::legacy::ds,TKBool
TopOpeBRepDS_Point,algorithm::boolean::legacy::ds,TKBool
TopOpeBRepDS_PointData,algorithm::boolean::legacy::ds,TKBool
TopOpeBRepDS_PointExplorer,algorithm::boolean::legacy::ds,TKBool
TopOpeBRepDS_PointIterator,algorithm::boolean::legacy::ds,TKBool
TopOpeBRepDS_Reducer,algorithm::boolean::legacy::ds,TKBool
TopOpeBRepDS_ShapeData,algorithm::boolean::legacy::ds,TKBool
TopOpeBRepDS_ShapeShapeInterference,algorithm::boolean::legacy::ds,TKBool
TopOpeBRepDS_ShapeWithState,algorithm::boolean::legacy::ds,TKBool
TopOpeBRepDS_SolidSurfaceInterference,algorithm::boolean::legacy::ds,TKBool
TopOpeBRepDS_Surface,algorithm::boolean::legacy::ds,TKBool
TopOpeBRepDS_SurfaceCurveInterference,algorithm::boolean::legacy::ds,TKBool
TopOpeBRepDS_SurfaceData,algorithm::boolean::legacy::ds,TKBool
TopOpeBRepDS_SurfaceExplorer,algorithm::boolean::legacy::ds,TKBool
TopOpeBRepDS_SurfaceIterator,algorithm::boolean::legacy::ds,TKBool
TopOpeBRepDS_TKI,algorithm::boolean::legacy::ds,TKBool
TopOpeBRepDS_TOOL,algorithm::boolean::legacy::ds,TKBool
TopOpeBRepDS_Transition,algorithm::boolean::legacy::ds,TKBool
TopOpeBRepTool,algorithm::boolean::legacy::tool,TKBool
TopOpeBRepTool_AncestorsTool,algorithm::boolean::legacy::tool,TKBool
TopOpeBRepTool_BoxSort,algorithm::boolean::legacy::tool,TKBool
TopOpeBRepTool_C2DF,algorithm::boolean::legacy::tool,TKBool
TopOpeBRepTool_CLASSI,algorithm::boolean::legacy::tool,TKBool
TopOpeBRepTool_CORRISO,algorithm::boolean::legacy::tool,TKBool
TopOpeBRepTool_CurveTool,algorithm::boolean::legacy::tool,TKBool
TopOpeBRepTool_FuseEdges,algorithm::boolean::legacy::tool,TKBool
TopOpeBRepTool_GeomTool,algorithm::boolean::legacy::tool,TKBool
TopOpeBRepTool_HBoxTool,algorithm::boolean::legacy::tool,TKBool
TopOpeBRepTool_PurgeInternalEdges,algorithm::boolean::legacy::tool,TKBool
TopOpeBRepTool_REGUS,algorithm::boolean::legacy::tool,TKBool
TopOpeBRepTool_REGUW,algorithm::boolean::legacy::tool,TKBool
TopOpeBRepTool_ShapeClassifier,algorithm::boolean::legacy::tool,TKBool
TopOpeBRepTool_ShapeExplorer,algorithm::boolean::legacy::tool,TKBool
TopOpeBRepTool_ShapeTool,algorithm::boolean::legacy::tool,TKBool
TopOpeBRepTool_SolidClassifier,algorithm::boolean::legacy::tool,TKBool
TopOpeBRepTool_TOOL,algorithm::boolean::legacy::tool,TKBool
TopOpeBRepTool_connexity,algorithm::boolean::legacy::tool,TKBool
TopOpeBRepTool_face,algorithm::boolean::legacy::tool,TKBool
TopOpeBRepTool_makeTransition,algorithm::boolean::legacy::tool,TKBool
TopOpeBRepTool_mkTondgE,algorithm::boolean::legacy::tool,TKBool
TopOpeBRep_Bipoint,algorithm::boolean::legacy,TKBool
TopOpeBRep_DSFiller,algorithm::boolean::legacy,TKBool
TopOpeBRep_EdgesFiller,algorithm::boolean::legacy,TKBool
TopOpeBRep_EdgesIntersector,algorithm::boolean::legacy,TKBool
TopOpeBRep_FFDumper,algorithm::boolean::legacy,TKBool
TopOpeBRep_FFTransitionTool,algorithm::boolean::legacy,TKBool
TopOpeBRep_FaceEdgeFiller,algorithm::boolean::legacy,TKBool
TopOpeBRep_FaceEdgeIntersector,algorithm::boolean::legacy,TKBool
TopOpeBRep_FacesFiller,algorithm::boolean::legacy,TKBool
TopOpeBRep_FacesIntersector,algorithm::boolean::legacy,TKBool
TopOpeBRep_GeomTool,algorithm::boolean::legacy,TKBool
TopOpeBRep_Hctxee2d,algorithm::boolean::legacy,TKBool
TopOpeBRep_Hctxff2d,algorithm::boolean::legacy,TKBool
TopOpeBRep_LineInter,algorithm::boolean::legacy,TKBool
TopOpeBRep_Point2d,algorithm::boolean::legacy,TKBool
TopOpeBRep_PointClassifier,algorithm::boolean::legacy,TKBool
TopOpeBRep_PointGeomTool,algorithm::boolean::legacy,TKBool
TopOpeBRep_ShapeIntersector,algorithm::boolean::legacy,TKBool
TopOpeBRep_ShapeIntersector2d,algorithm::boolean::legacy,TKBool
TopOpeBRep_ShapeScanner,algorithm::boolean::legacy,TKBool
TopOpeBRep_VPointInter,algorithm::boolean::legacy,TKBool
TopOpeBRep_VPointInterClassifier,algorithm::boolean::legacy,TKBool
TopOpeBRep_VPointInterIterator,algorithm::boolean::legacy,TKBool
TopOpeBRep_WPointInter,algorithm::boolean::legacy,TKBool
TopOpeBRep_WPointInterIterator,algorithm::boolean::legacy,TKBool
AppStd_Application,app::standard,TKCAF
TDataXtd,app::attribute::extended,TKCAF
TDataXtd_Axis,app::attribute::extended,TKCAF
TDataXtd_Constraint,app::attribute::extended,TKCAF
TDataXtd_Geometry,app::attribute::extended,TKCAF
TDataXtd_Pattern,app::attribute::extended,TKCAF
TDataXtd_PatternStd,app::attribute::extended,TKCAF
TDataXtd_Placement,app::attribute::extended,TKCAF
TDataXtd_Plane,app::attribute::extended,TKCAF
TDataXtd_Point,app::attribute::extended,TKCAF
TDataXtd_Position,app::attribute::extended,TKCAF
TDataXtd_Presentation,app::attribute::extended,TKCAF
TDataXtd_Shape,app::attribute::extended,TKCAF
TDataXtd_Triangulation,app::attribute::extended,TKCAF
TNaming,app::naming,TKCAF
TNaming_Builder,app::naming,TKCAF
TNaming_CopyShape,app::naming,TKCAF
TNaming_DeltaOnModification,app::naming,TKCAF
TNaming_DeltaOnRemoval,app::naming,TKCAF
TNaming_Identifier,app::naming,TKCAF
TNaming_Iterator,app::naming,TKCAF
TNaming_IteratorOnShapesSet,app::naming,TKCAF
TNaming_Localizer,app::naming,TKCAF
TNaming_Name,app::naming,TKCAF
TNaming_NamedShape,app::naming,TKCAF
TNaming_Naming,app::naming,TKCAF
TNaming_NamingTool,app::naming,TKCAF
TNaming_NewShapeIterator,app::naming,TKCAF
TNaming_OldShapeIterator,app::naming,TKCAF
TNaming_RefShape,app::naming,TKCAF
TNaming_SameShapeIterator,app::naming,TKCAF
TNaming_Scope,app::naming,TKCAF
TNaming_Selector,app::naming,TKCAF
TNaming_ShapesSet,app::naming,TKCAF
TNaming_Tool,app::naming,TKCAF
TNaming_TranslateTool,app::naming,TKCAF
TNaming_Translator,app::naming,TKCAF
TNaming_UsedShapes,app::naming,TKCAF
CDF_Application,app::driver::foundation,TKCDF
CDF_Directory,app::driver::foundation,TKCDF
CDF_DirectoryIterator,app::driver::foundation,TKCDF
CDF_FWOSDriver,app::driver::foundation,TKCDF
CDF_MetaDataDriver,app::driver::foundation,TKCDF
CDF_MetaDataDriverFactory,app::driver::foundation,TKCDF
CDF_Store,app::driver::foundation,TKCDF
CDF_StoreList,app::driver::foundation,TKCDF
CDM_Application,app::driver::manager,TKCDF
CDM_Document,app::driver::manager,TKCDF
CDM_MetaData,app::driver::manager,TKCDF
CDM_Reference,app::driver::manager,TKCDF
CDM_ReferenceIterator,app::driver::manager,TKCDF
LDOM_Attr,exchange::xml::dom,TKCDF
LDOM_BasicAttribute,exchange::xml::dom,TKCDF
LDOM_BasicElement,exchange::xml::dom,TKCDF
LDOM_BasicNode,exchange::xml::dom,TKCDF
LDOM_BasicText,exchange::xml::dom,TKCDF
LDOM_CharReference,exchange::xml::dom,TKCDF
LDOM_CharacterData,exchange::xml::dom,TKCDF
LDOM_Document,exchange::xml::dom,TKCDF
LDOM_Element,exchange::xml::dom,TKCDF
LDOM_LDOMImplementation,exchange::xml::dom,TKCDF
LDOM_MemManager,exchange::xml::dom,TKCDF
LDOM_Node,exchange::xml::dom,TKCDF
LDOM_NodeList,exchange::xml::dom,TKCDF
LDOM_OSStream,exchange::xml::dom,TKCDF
LDOM_Text,exchange::xml::dom,TKCDF
LDOM_XmlReader,exchange::xml::dom,TKCDF
LDOM_XmlWriter,exchange::xml::dom,TKCDF
PCDM,app::persistence::appcore,TKCDF
PCDM_DOMHeaderParser,app::persistence::appcore,TKCDF
PCDM_Document,app::persistence::appcore,TKCDF
PCDM_DriverError,app::persistence::appcore,TKCDF
PCDM_ReadWriter,app::persistence::appcore,TKCDF
PCDM_ReadWriter_1,app::persistence::appcore,TKCDF
PCDM_Reader,app::persistence::appcore,TKCDF
PCDM_ReaderFilter,app::persistence::appcore,TKCDF
PCDM_Reference,app::persistence::appcore,TKCDF
PCDM_ReferenceIterator,app::persistence::appcore,TKCDF
PCDM_RetrievalDriver,app::persistence::appcore,TKCDF
PCDM_StorageDriver,app::persistence::appcore,TKCDF
PCDM_Writer,app::persistence::appcore,TKCDF
UTL,exchange::utility,TKCDF
D3DHost_FrameBuffer,visual::host::d3d,TKD3DHost
D3DHost_GraphicDriver,visual::host::d3d,TKD3DHost
D3DHost_GraphicDriverFactory,visual::host::d3d,TKD3DHost
D3DHost_View,visual::host::d3d,TKD3DHost
D3DHostTest,test::visual::d3d,TKD3DHostTest
DDF,test::app::framework,TKDCAF
DDF_AttributeBrowser,test::app::framework,TKDCAF
DDF_Browser,test::app::framework,TKDCAF
DDF_Data,test::app::framework,TKDCAF
DDF_Transaction,test::app::framework,TKDCAF
DDataStd,test::app::data,TKDCAF
DDataStd_DrawDriver,test::app::data,TKDCAF
DDataStd_DrawPresentation,test::app::data,TKDCAF
DDataStd_TreeBrowser,test::app::data,TKDCAF
DDocStd,test::app::doc,TKDCAF
DDocStd_DrawDocument,test::app::doc,TKDCAF
DNaming,test::app::naming,TKDCAF
DNaming_BooleanOperationDriver,test::app::naming,TKDCAF
DNaming_BoxDriver,test::app::naming,TKDCAF
DNaming_CylinderDriver,test::app::naming,TKDCAF
DNaming_FilletDriver,test::app::naming,TKDCAF
DNaming_Line3DDriver,test::app::naming,TKDCAF
DNaming_PointDriver,test::app::naming,TKDCAF
DNaming_PrismDriver,test::app::naming,TKDCAF
DNaming_RevolutionDriver,test::app::naming,TKDCAF
DNaming_SelectionDriver,test::app::naming,TKDCAF
DNaming_SphereDriver,test::app::naming,TKDCAF
DNaming_TransformationDriver,test::app::naming,TKDCAF
DPrsStd,test::app::presentation,TKDCAF
DrawDim,test::draw::dimension,TKDCAF
DrawDim_Angle,test::draw::dimension,TKDCAF
DrawDim_Dimension,test::draw::dimension,TKDCAF
DrawDim_Distance,test::draw::dimension,TKDCAF
DrawDim_PlanarAngle,test::draw::dimension,TKDCAF
DrawDim_PlanarDiameter,test::draw::dimension,TKDCAF
DrawDim_PlanarDimension,test::draw::dimension,TKDCAF
DrawDim_PlanarDistance,test::draw::dimension,TKDCAF
DrawDim_PlanarRadius,test::draw::dimension,TKDCAF
DrawDim_Radius,test::draw::dimension,TKDCAF
DE_ConfigurationContext,exchange::de::decore,TKDE
DE_ConfigurationNode,exchange::de::decore,TKDE
DE_PluginHolder,exchange::de::decore,TKDE
DE_Provider,exchange::de::decore,TKDE
DE_ShapeFixConfigurationNode,exchange::de::decore,TKDE
DE_ValidationUtils,exchange::de::decore,TKDE
DE_Wrapper,exchange::de::decore,TKDE
DEBREP_ConfigurationNode,exchange::de::brep,TKDECascade
DEBREP_Provider,exchange::de::brep,TKDECascade
DEXCAF_ConfigurationNode,exchange::de::xcaf,TKDECascade
DEXCAF_Provider,exchange::de::xcaf,TKDECascade
DEGLTF_ConfigurationNode,exchange::de::gltf,TKDEGLTF
DEGLTF_Provider,exchange::de::gltf,TKDEGLTF
RWGltf_CafReader,exchange::gltf::rw,TKDEGLTF
RWGltf_CafWriter,exchange::gltf::rw,TKDEGLTF
RWGltf_GltfJsonParser,exchange::gltf::rw,TKDEGLTF
RWGltf_GltfLatePrimitiveArray,exchange::gltf::rw,TKDEGLTF
RWGltf_GltfMaterialMap,exchange::gltf::rw,TKDEGLTF
RWGltf_GltfOStreamWriter,exchange::gltf::rw,TKDEGLTF
RWGltf_GltfPrimArrayData,exchange::gltf::rw,TKDEGLTF
RWGltf_GltfSceneNodeMap,exchange::gltf::rw,TKDEGLTF
RWGltf_MaterialCommon,exchange::gltf::rw,TKDEGLTF
RWGltf_MaterialMetallicRoughness,exchange::gltf::rw,TKDEGLTF
RWGltf_TriangulationReader,exchange::gltf::rw,TKDEGLTF
BRepToIGESBRep_Entity,exchange::iges::writer::brep,TKDEIGES
BRepToIGES_BREntity,exchange::iges::writer,TKDEIGES
BRepToIGES_BRShell,exchange::iges::writer,TKDEIGES
BRepToIGES_BRSolid,exchange::iges::writer,TKDEIGES
BRepToIGES_BRWire,exchange::iges::writer,TKDEIGES
DEIGES_ConfigurationNode,exchange::de::iges,TKDEIGES
DEIGES_Parameters,exchange::de::iges,TKDEIGES
DEIGES_Provider,exchange::de::iges,TKDEIGES
Geom2dToIGES_Geom2dCurve,exchange::iges::writer::geom2d,TKDEIGES
Geom2dToIGES_Geom2dEntity,exchange::iges::writer::geom2d,TKDEIGES
Geom2dToIGES_Geom2dPoint,exchange::iges::writer::geom2d,TKDEIGES
Geom2dToIGES_Geom2dVector,exchange::iges::writer::geom2d,TKDEIGES
GeomToIGES_GeomCurve,exchange::iges::writer::geom,TKDEIGES
GeomToIGES_GeomEntity,exchange::iges::writer::geom,TKDEIGES
GeomToIGES_GeomPoint,exchange::iges::writer::geom,TKDEIGES
GeomToIGES_GeomSurface,exchange::iges::writer::geom,TKDEIGES
GeomToIGES_GeomVector,exchange::iges::writer::geom,TKDEIGES
IGESAppli,exchange::iges::appli,TKDEIGES
IGESAppli_DrilledHole,exchange::iges::appli,TKDEIGES
IGESAppli_ElementResults,exchange::iges::appli,TKDEIGES
IGESAppli_FiniteElement,exchange::iges::appli,TKDEIGES
IGESAppli_Flow,exchange::iges::appli,TKDEIGES
IGESAppli_FlowLineSpec,exchange::iges::appli,TKDEIGES
IGESAppli_GeneralModule,exchange::iges::appli,TKDEIGES
IGESAppli_LevelFunction,exchange::iges::appli,TKDEIGES
IGESAppli_LevelToPWBLayerMap,exchange::iges::appli,TKDEIGES
IGESAppli_LineWidening,exchange::iges::appli,TKDEIGES
IGESAppli_NodalConstraint,exchange::iges::appli,TKDEIGES
IGESAppli_NodalDisplAndRot,exchange::iges::appli,TKDEIGES
IGESAppli_NodalResults,exchange::iges::appli,TKDEIGES
IGESAppli_Node,exchange::iges::appli,TKDEIGES
IGESAppli_PWBArtworkStackup,exchange::iges::appli,TKDEIGES
IGESAppli_PWBDrilledHole,exchange::iges::appli,TKDEIGES
IGESAppli_PartNumber,exchange::iges::appli,TKDEIGES
IGESAppli_PinNumber,exchange::iges::appli,TKDEIGES
IGESAppli_PipingFlow,exchange::iges::appli,TKDEIGES
IGESAppli_Protocol,exchange::iges::appli,TKDEIGES
IGESAppli_ReadWriteModule,exchange::iges::appli,TKDEIGES
IGESAppli_ReferenceDesignator,exchange::iges::appli,TKDEIGES
IGESAppli_RegionRestriction,exchange::iges::appli,TKDEIGES
IGESAppli_SpecificModule,exchange::iges::appli,TKDEIGES
IGESAppli_ToolDrilledHole,exchange::iges::appli,TKDEIGES
IGESAppli_ToolElementResults,exchange::iges::appli,TKDEIGES
IGESAppli_ToolFiniteElement,exchange::iges::appli,TKDEIGES
IGESAppli_ToolFlow,exchange::iges::appli,TKDEIGES
IGESAppli_ToolFlowLineSpec,exchange::iges::appli,TKDEIGES
IGESAppli_ToolLevelFunction,exchange::iges::appli,TKDEIGES
IGESAppli_ToolLevelToPWBLayerMap,exchange::iges::appli,TKDEIGES
IGESAppli_ToolLineWidening,exchange::iges::appli,TKDEIGES
IGESAppli_ToolNodalConstraint,exchange::iges::appli,TKDEIGES
IGESAppli_ToolNodalDisplAndRot,exchange::iges::appli,TKDEIGES
IGESAppli_ToolNodalResults,exchange::iges::appli,TKDEIGES
IGESAppli_ToolNode,exchange::iges::appli,TKDEIGES
IGESAppli_ToolPWBArtworkStackup,exchange::iges::appli,TKDEIGES
IGESAppli_ToolPWBDrilledHole,exchange::iges::appli,TKDEIGES
IGESAppli_ToolPartNumber,exchange::iges::appli,TKDEIGES
IGESAppli_ToolPinNumber,exchange::iges::appli,TKDEIGES
IGESAppli_ToolPipingFlow,exchange::iges::appli,TKDEIGES
IGESAppli_ToolReferenceDesignator,exchange::iges::appli,TKDEIGES
IGESAppli_ToolRegionRestriction,exchange::iges::appli,TKDEIGES
IGESBasic,exchange::iges::basic,TKDEIGES
IGESBasic_AssocGroupType,exchange::iges::basic,TKDEIGES
IGESBasic_ExternalRefFile,exchange::iges::basic,TKDEIGES
IGESBasic_ExternalRefFileIndex,exchange::iges::basic,TKDEIGES
IGESBasic_ExternalRefFileName,exchange::iges::basic,TKDEIGES
IGESBasic_ExternalRefLibName,exchange::iges::basic,TKDEIGES
IGESBasic_ExternalRefName,exchange::iges::basic,TKDEIGES
IGESBasic_ExternalReferenceFile,exchange::iges::basic,TKDEIGES
IGESBasic_GeneralModule,exchange::iges::basic,TKDEIGES
IGESBasic_Group,exchange::iges::basic,TKDEIGES
IGESBasic_GroupWithoutBackP,exchange::iges::basic,TKDEIGES
IGESBasic_HArray1OfHArray1OfIGESEntity,exchange::iges::basic,TKDEIGES
IGESBasic_HArray1OfHArray1OfInteger,exchange::iges::basic,TKDEIGES
IGESBasic_HArray1OfHArray1OfReal,exchange::iges::basic,TKDEIGES
IGESBasic_HArray1OfHArray1OfXY,exchange::iges::basic,TKDEIGES
IGESBasic_HArray1OfHArray1OfXYZ,exchange::iges::basic,TKDEIGES
IGESBasic_Hierarchy,exchange::iges::basic,TKDEIGES
IGESBasic_Name,exchange::iges::basic,TKDEIGES
IGESBasic_OrderedGroup,exchange::iges::basic,TKDEIGES
IGESBasic_OrderedGroupWithoutBackP,exchange::iges::basic,TKDEIGES
IGESBasic_Protocol,exchange::iges::basic,TKDEIGES
IGESBasic_ReadWriteModule,exchange::iges::basic,TKDEIGES
IGESBasic_SingleParent,exchange::iges::basic,TKDEIGES
IGESBasic_SingularSubfigure,exchange::iges::basic,TKDEIGES
IGESBasic_SpecificModule,exchange::iges::basic,TKDEIGES
IGESBasic_SubfigureDef,exchange::iges::basic,TKDEIGES
IGESBasic_ToolAssocGroupType,exchange::iges::basic,TKDEIGES
IGESBasic_ToolExternalRefFile,exchange::iges::basic,TKDEIGES
IGESBasic_ToolExternalRefFileIndex,exchange::iges::basic,TKDEIGES
IGESBasic_ToolExternalRefFileName,exchange::iges::basic,TKDEIGES
IGESBasic_ToolExternalRefLibName,exchange::iges::basic,TKDEIGES
IGESBasic_ToolExternalRefName,exchange::iges::basic,TKDEIGES
IGESBasic_ToolExternalReferenceFile,exchange::iges::basic,TKDEIGES
IGESBasic_ToolGroup,exchange::iges::basic,TKDEIGES
IGESBasic_ToolGroupWithoutBackP,exchange::iges::basic,TKDEIGES
IGESBasic_ToolHierarchy,exchange::iges::basic,TKDEIGES
IGESBasic_ToolName,exchange::iges::basic,TKDEIGES
IGESBasic_ToolOrderedGroup,exchange::iges::basic,TKDEIGES
IGESBasic_ToolOrderedGroupWithoutBackP,exchange::iges::basic,TKDEIGES
IGESBasic_ToolSingleParent,exchange::iges::basic,TKDEIGES
IGESBasic_ToolSingularSubfigure,exchange::iges::basic,TKDEIGES
IGESBasic_ToolSubfigureDef,exchange::iges::basic,TKDEIGES
IGESCAFControl,exchange::iges::xde,TKDEIGES
IGESCAFControl_Reader,exchange::iges::xde,TKDEIGES
IGESCAFControl_Writer,exchange::iges::xde,TKDEIGES
IGESControl_ActorWrite,exchange::iges::control,TKDEIGES
IGESControl_AlgoContainer,exchange::iges::control,TKDEIGES
IGESControl_Controller,exchange::iges::control,TKDEIGES
IGESControl_IGESBoundary,exchange::iges::control,TKDEIGES
IGESControl_Reader,exchange::iges::control,TKDEIGES
IGESControl_ToolContainer,exchange::iges::control,TKDEIGES
IGESControl_Writer,exchange::iges::control,TKDEIGES
IGESConvGeom,exchange::iges::convert,TKDEIGES
IGESConvGeom_GeomBuilder,exchange::iges::convert,TKDEIGES
IGESData,exchange::iges::data,TKDEIGES
IGESData_BasicEditor,exchange::iges::data,TKDEIGES
IGESData_ColorEntity,exchange::iges::data,TKDEIGES
IGESData_DefSwitch,exchange::iges::data,TKDEIGES
IGESData_DefaultGeneral,exchange::iges::data,TKDEIGES
IGESData_DefaultSpecific,exchange::iges::data,TKDEIGES
IGESData_DirChecker,exchange::iges::data,TKDEIGES
IGESData_DirPart,exchange::iges::data,TKDEIGES
IGESData_FileProtocol,exchange::iges::data,TKDEIGES
IGESData_FileRecognizer,exchange::iges::data,TKDEIGES
IGESData_FreeFormatEntity,exchange::iges::data,TKDEIGES
IGESData_GeneralModule,exchange::iges::data,TKDEIGES
IGESData_GlobalNodeOfSpecificLib,exchange::iges::data,TKDEIGES
IGESData_GlobalNodeOfWriterLib,exchange::iges::data,TKDEIGES
IGESData_GlobalSection,exchange::iges::data,TKDEIGES
IGESData_IGESDumper,exchange::iges::data,TKDEIGES
IGESData_IGESEntity,exchange::iges::data,TKDEIGES
IGESData_IGESModel,exchange::iges::data,TKDEIGES
IGESData_IGESReaderData,exchange::iges::data,TKDEIGES
IGESData_IGESReaderTool,exchange::iges::data,TKDEIGES
IGESData_IGESType,exchange::iges::data,TKDEIGES
IGESData_IGESWriter,exchange::iges::data,TKDEIGES
IGESData_LabelDisplayEntity,exchange::iges::data,TKDEIGES
IGESData_LevelListEntity,exchange::iges::data,TKDEIGES
IGESData_LineFontEntity,exchange::iges::data,TKDEIGES
IGESData_NameEntity,exchange::iges::data,TKDEIGES
IGESData_NodeOfSpecificLib,exchange::iges::data,TKDEIGES
IGESData_NodeOfWriterLib,exchange::iges::data,TKDEIGES
IGESData_ParamCursor,exchange::iges::data,TKDEIGES
IGESData_ParamReader,exchange::iges::data,TKDEIGES
IGESData_Protocol,exchange::iges::data,TKDEIGES
IGESData_ReadWriteModule,exchange::iges::data,TKDEIGES
IGESData_SingleParentEntity,exchange::iges::data,TKDEIGES
IGESData_SpecificLib,exchange::iges::data,TKDEIGES
IGESData_SpecificModule,exchange::iges::data,TKDEIGES
IGESData_ToolLocation,exchange::iges::data,TKDEIGES
IGESData_TransfEntity,exchange::iges::data,TKDEIGES
IGESData_UndefinedEntity,exchange::iges::data,TKDEIGES
IGESData_ViewKindEntity,exchange::iges::data,TKDEIGES
IGESData_WriterLib,exchange::iges::data,TKDEIGES
IGESDefs,exchange::iges::definitions,TKDEIGES
IGESDefs_AssociativityDef,exchange::iges::definitions,TKDEIGES
IGESDefs_AttributeDef,exchange::iges::definitions,TKDEIGES
IGESDefs_AttributeTable,exchange::iges::definitions,TKDEIGES
IGESDefs_GeneralModule,exchange::iges::definitions,TKDEIGES
IGESDefs_GenericData,exchange::iges::definitions,TKDEIGES
IGESDefs_HArray1OfHArray1OfTextDisplayTemplate,exchange::iges::definitions,TKDEIGES
IGESDefs_MacroDef,exchange::iges::definitions,TKDEIGES
IGESDefs_Protocol,exchange::iges::definitions,TKDEIGES
IGESDefs_ReadWriteModule,exchange::iges::definitions,TKDEIGES
IGESDefs_SpecificModule,exchange::iges::definitions,TKDEIGES
IGESDefs_TabularData,exchange::iges::definitions,TKDEIGES
IGESDefs_ToolAssociativityDef,exchange::iges::definitions,TKDEIGES
IGESDefs_ToolAttributeDef,exchange::iges::definitions,TKDEIGES
IGESDefs_ToolAttributeTable,exchange::iges::definitions,TKDEIGES
IGESDefs_ToolGenericData,exchange::iges::definitions,TKDEIGES
IGESDefs_ToolMacroDef,exchange::iges::definitions,TKDEIGES
IGESDefs_ToolTabularData,exchange::iges::definitions,TKDEIGES
IGESDefs_ToolUnitsData,exchange::iges::definitions,TKDEIGES
IGESDefs_UnitsData,exchange::iges::definitions,TKDEIGES
IGESDimen,exchange::iges::dimension,TKDEIGES
IGESDimen_AngularDimension,exchange::iges::dimension,TKDEIGES
IGESDimen_BasicDimension,exchange::iges::dimension,TKDEIGES
IGESDimen_CenterLine,exchange::iges::dimension,TKDEIGES
IGESDimen_CurveDimension,exchange::iges::dimension,TKDEIGES
IGESDimen_DiameterDimension,exchange::iges::dimension,TKDEIGES
IGESDimen_DimensionDisplayData,exchange::iges::dimension,TKDEIGES
IGESDimen_DimensionTolerance,exchange::iges::dimension,TKDEIGES
IGESDimen_DimensionUnits,exchange::iges::dimension,TKDEIGES
IGESDimen_DimensionedGeometry,exchange::iges::dimension,TKDEIGES
IGESDimen_FlagNote,exchange::iges::dimension,TKDEIGES
IGESDimen_GeneralLabel,exchange::iges::dimension,TKDEIGES
IGESDimen_GeneralModule,exchange::iges::dimension,TKDEIGES
IGESDimen_GeneralNote,exchange::iges::dimension,TKDEIGES
IGESDimen_GeneralSymbol,exchange::iges::dimension,TKDEIGES
IGESDimen_LeaderArrow,exchange::iges::dimension,TKDEIGES
IGESDimen_LinearDimension,exchange::iges::dimension,TKDEIGES
IGESDimen_NewDimensionedGeometry,exchange::iges::dimension,TKDEIGES
IGESDimen_NewGeneralNote,exchange::iges::dimension,TKDEIGES
IGESDimen_OrdinateDimension,exchange::iges::dimension,TKDEIGES
IGESDimen_PointDimension,exchange::iges::dimension,TKDEIGES
IGESDimen_Protocol,exchange::iges::dimension,TKDEIGES
IGESDimen_RadiusDimension,exchange::iges::dimension,TKDEIGES
IGESDimen_ReadWriteModule,exchange::iges::dimension,TKDEIGES
IGESDimen_Section,exchange::iges::dimension,TKDEIGES
IGESDimen_SectionedArea,exchange::iges::dimension,TKDEIGES
IGESDimen_SpecificModule,exchange::iges::dimension,TKDEIGES
IGESDimen_ToolAngularDimension,exchange::iges::dimension,TKDEIGES
IGESDimen_ToolBasicDimension,exchange::iges::dimension,TKDEIGES
IGESDimen_ToolCenterLine,exchange::iges::dimension,TKDEIGES
IGESDimen_ToolCurveDimension,exchange::iges::dimension,TKDEIGES
IGESDimen_ToolDiameterDimension,exchange::iges::dimension,TKDEIGES
IGESDimen_ToolDimensionDisplayData,exchange::iges::dimension,TKDEIGES
IGESDimen_ToolDimensionTolerance,exchange::iges::dimension,TKDEIGES
IGESDimen_ToolDimensionUnits,exchange::iges::dimension,TKDEIGES
IGESDimen_ToolDimensionedGeometry,exchange::iges::dimension,TKDEIGES
IGESDimen_ToolFlagNote,exchange::iges::dimension,TKDEIGES
IGESDimen_ToolGeneralLabel,exchange::iges::dimension,TKDEIGES
IGESDimen_ToolGeneralNote,exchange::iges::dimension,TKDEIGES
IGESDimen_ToolGeneralSymbol,exchange::iges::dimension,TKDEIGES
IGESDimen_ToolLeaderArrow,exchange::iges::dimension,TKDEIGES
IGESDimen_ToolLinearDimension,exchange::iges::dimension,TKDEIGES
IGESDimen_ToolNewDimensionedGeometry,exchange::iges::dimension,TKDEIGES
IGESDimen_ToolNewGeneralNote,exchange::iges::dimension,TKDEIGES
IGESDimen_ToolOrdinateDimension,exchange::iges::dimension,TKDEIGES
IGESDimen_ToolPointDimension,exchange::iges::dimension,TKDEIGES
IGESDimen_ToolRadiusDimension,exchange::iges::dimension,TKDEIGES
IGESDimen_ToolSection,exchange::iges::dimension,TKDEIGES
IGESDimen_ToolSectionedArea,exchange::iges::dimension,TKDEIGES
IGESDimen_ToolWitnessLine,exchange::iges::dimension,TKDEIGES
IGESDimen_WitnessLine,exchange::iges::dimension,TKDEIGES
IGESDraw,exchange::iges::drawing,TKDEIGES
IGESDraw_CircArraySubfigure,exchange::iges::drawing,TKDEIGES
IGESDraw_ConnectPoint,exchange::iges::drawing,TKDEIGES
IGESDraw_Drawing,exchange::iges::drawing,TKDEIGES
IGESDraw_DrawingWithRotation,exchange::iges::drawing,TKDEIGES
IGESDraw_GeneralModule,exchange::iges::drawing,TKDEIGES
IGESDraw_LabelDisplay,exchange::iges::drawing,TKDEIGES
IGESDraw_NetworkSubfigure,exchange::iges::drawing,TKDEIGES
IGESDraw_NetworkSubfigureDef,exchange::iges::drawing,TKDEIGES
IGESDraw_PerspectiveView,exchange::iges::drawing,TKDEIGES
IGESDraw_Planar,exchange::iges::drawing,TKDEIGES
IGESDraw_Protocol,exchange::iges::drawing,TKDEIGES
IGESDraw_ReadWriteModule,exchange::iges::drawing,TKDEIGES
IGESDraw_RectArraySubfigure,exchange::iges::drawing,TKDEIGES
IGESDraw_SegmentedViewsVisible,exchange::iges::drawing,TKDEIGES
IGESDraw_SpecificModule,exchange::iges::drawing,TKDEIGES
IGESDraw_ToolCircArraySubfigure,exchange::iges::drawing,TKDEIGES
IGESDraw_ToolConnectPoint,exchange::iges::drawing,TKDEIGES
IGESDraw_ToolDrawing,exchange::iges::drawing,TKDEIGES
IGESDraw_ToolDrawingWithRotation,exchange::iges::drawing,TKDEIGES
IGESDraw_ToolLabelDisplay,exchange::iges::drawing,TKDEIGES
IGESDraw_ToolNetworkSubfigure,exchange::iges::drawing,TKDEIGES
IGESDraw_ToolNetworkSubfigureDef,exchange::iges::drawing,TKDEIGES
IGESDraw_ToolPerspectiveView,exchange::iges::drawing,TKDEIGES
IGESDraw_ToolPlanar,exchange::iges::drawing,TKDEIGES
IGESDraw_ToolRectArraySubfigure,exchange::iges::drawing,TKDEIGES
IGESDraw_ToolSegmentedViewsVisible,exchange::iges::drawing,TKDEIGES
IGESDraw_ToolView,exchange::iges::drawing,TKDEIGES
IGESDraw_ToolViewsVisible,exchange::iges::drawing,TKDEIGES
IGESDraw_ToolViewsVisibleWithAttr,exchange::iges::drawing,TKDEIGES
IGESDraw_View,exchange::iges::drawing,TKDEIGES
IGESDraw_ViewsVisible,exchange::iges::drawing,TKDEIGES
IGESDraw_ViewsVisibleWithAttr,exchange::iges::drawing,TKDEIGES
IGESGeom,exchange::iges::geometry,TKDEIGES
IGESGeom_BSplineCurve,exchange::iges::geometry,TKDEIGES
IGESGeom_BSplineSurface,exchange::iges::geometry,TKDEIGES
IGESGeom_Boundary,exchange::iges::geometry,TKDEIGES
IGESGeom_BoundedSurface,exchange::iges::geometry,TKDEIGES
IGESGeom_CircularArc,exchange::iges::geometry,TKDEIGES
IGESGeom_CompositeCurve,exchange::iges::geometry,TKDEIGES
IGESGeom_ConicArc,exchange::iges::geometry,TKDEIGES
IGESGeom_CopiousData,exchange::iges::geometry,TKDEIGES
IGESGeom_CurveOnSurface,exchange::iges::geometry,TKDEIGES
IGESGeom_Direction,exchange::iges::geometry,TKDEIGES
IGESGeom_Flash,exchange::iges::geometry,TKDEIGES
IGESGeom_GeneralModule,exchange::iges::geometry,TKDEIGES
IGESGeom_Line,exchange::iges::geometry,TKDEIGES
IGESGeom_OffsetCurve,exchange::iges::geometry,TKDEIGES
IGESGeom_OffsetSurface,exchange::iges::geometry,TKDEIGES
IGESGeom_Plane,exchange::iges::geometry,TKDEIGES
IGESGeom_Point,exchange::iges::geometry,TKDEIGES
IGESGeom_Protocol,exchange::iges::geometry,TKDEIGES
IGESGeom_ReadWriteModule,exchange::iges::geometry,TKDEIGES
IGESGeom_RuledSurface,exchange::iges::geometry,TKDEIGES
IGESGeom_SpecificModule,exchange::iges::geometry,TKDEIGES
IGESGeom_SplineCurve,exchange::iges::geometry,TKDEIGES
IGESGeom_SplineSurface,exchange::iges::geometry,TKDEIGES
IGESGeom_SurfaceOfRevolution,exchange::iges::geometry,TKDEIGES
IGESGeom_TabulatedCylinder,exchange::iges::geometry,TKDEIGES
IGESGeom_ToolBSplineCurve,exchange::iges::geometry,TKDEIGES
IGESGeom_ToolBSplineSurface,exchange::iges::geometry,TKDEIGES
IGESGeom_ToolBoundary,exchange::iges::geometry,TKDEIGES
IGESGeom_ToolBoundedSurface,exchange::iges::geometry,TKDEIGES
IGESGeom_ToolCircularArc,exchange::iges::geometry,TKDEIGES
IGESGeom_ToolCompositeCurve,exchange::iges::geometry,TKDEIGES
IGESGeom_ToolConicArc,exchange::iges::geometry,TKDEIGES
IGESGeom_ToolCopiousData,exchange::iges::geometry,TKDEIGES
IGESGeom_ToolCurveOnSurface,exchange::iges::geometry,TKDEIGES
IGESGeom_ToolDirection,exchange::iges::geometry,TKDEIGES
IGESGeom_ToolFlash,exchange::iges::geometry,TKDEIGES
IGESGeom_ToolLine,exchange::iges::geometry,TKDEIGES
IGESGeom_ToolOffsetCurve,exchange::iges::geometry,TKDEIGES
IGESGeom_ToolOffsetSurface,exchange::iges::geometry,TKDEIGES
IGESGeom_ToolPlane,exchange::iges::geometry,TKDEIGES
IGESGeom_ToolPoint,exchange::iges::geometry,TKDEIGES
IGESGeom_ToolRuledSurface,exchange::iges::geometry,TKDEIGES
IGESGeom_ToolSplineCurve,exchange::iges::geometry,TKDEIGES
IGESGeom_ToolSplineSurface,exchange::iges::geometry,TKDEIGES
IGESGeom_ToolSurfaceOfRevolution,exchange::iges::geometry,TKDEIGES
IGESGeom_ToolTabulatedCylinder,exchange::iges::geometry,TKDEIGES
IGESGeom_ToolTransformationMatrix,exchange::iges::geometry,TKDEIGES
IGESGeom_ToolTrimmedSurface,exchange::iges::geometry,TKDEIGES
IGESGeom_TransformationMatrix,exchange::iges::geometry,TKDEIGES
IGESGeom_TrimmedSurface,exchange::iges::geometry,TKDEIGES
IGESGraph,exchange::iges::graph,TKDEIGES
IGESGraph_Color,exchange::iges::graph,TKDEIGES
IGESGraph_DefinitionLevel,exchange::iges::graph,TKDEIGES
IGESGraph_DrawingSize,exchange::iges::graph,TKDEIGES
IGESGraph_DrawingUnits,exchange::iges::graph,TKDEIGES
IGESGraph_GeneralModule,exchange::iges::graph,TKDEIGES
IGESGraph_HighLight,exchange::iges::graph,TKDEIGES
IGESGraph_IntercharacterSpacing,exchange::iges::graph,TKDEIGES
IGESGraph_LineFontDefPattern,exchange::iges::graph,TKDEIGES
IGESGraph_LineFontDefTemplate,exchange::iges::graph,TKDEIGES
IGESGraph_LineFontPredefined,exchange::iges::graph,TKDEIGES
IGESGraph_NominalSize,exchange::iges::graph,TKDEIGES
IGESGraph_Pick,exchange::iges::graph,TKDEIGES
IGESGraph_Protocol,exchange::iges::graph,TKDEIGES
IGESGraph_ReadWriteModule,exchange::iges::graph,TKDEIGES
IGESGraph_SpecificModule,exchange::iges::graph,TKDEIGES
IGESGraph_TextDisplayTemplate,exchange::iges::graph,TKDEIGES
IGESGraph_TextFontDef,exchange::iges::graph,TKDEIGES
IGESGraph_ToolColor,exchange::iges::graph,TKDEIGES
IGESGraph_ToolDefinitionLevel,exchange::iges::graph,TKDEIGES
IGESGraph_ToolDrawingSize,exchange::iges::graph,TKDEIGES
IGESGraph_ToolDrawingUnits,exchange::iges::graph,TKDEIGES
IGESGraph_ToolHighLight,exchange::iges::graph,TKDEIGES
IGESGraph_ToolIntercharacterSpacing,exchange::iges::graph,TKDEIGES
IGESGraph_ToolLineFontDefPattern,exchange::iges::graph,TKDEIGES
IGESGraph_ToolLineFontDefTemplate,exchange::iges::graph,TKDEIGES
IGESGraph_ToolLineFontPredefined,exchange::iges::graph,TKDEIGES
IGESGraph_ToolNominalSize,exchange::iges::graph,TKDEIGES
IGESGraph_ToolPick,exchange::iges::graph,TKDEIGES
IGESGraph_ToolTextDisplayTemplate,exchange::iges::graph,TKDEIGES
IGESGraph_ToolTextFontDef,exchange::iges::graph,TKDEIGES
IGESGraph_ToolUniformRectGrid,exchange::iges::graph,TKDEIGES
IGESGraph_UniformRectGrid,exchange::iges::graph,TKDEIGES
IGESSelect,exchange::iges::select,TKDEIGES
IGESSelect_Activator,exchange::iges::select,TKDEIGES
IGESSelect_AddFileComment,exchange::iges::select,TKDEIGES
IGESSelect_AddGroup,exchange::iges::select,TKDEIGES
IGESSelect_AutoCorrect,exchange::iges::select,TKDEIGES
IGESSelect_ChangeLevelList,exchange::iges::select,TKDEIGES
IGESSelect_ChangeLevelNumber,exchange::iges::select,TKDEIGES
IGESSelect_ComputeStatus,exchange::iges::select,TKDEIGES
IGESSelect_CounterOfLevelNumber,exchange::iges::select,TKDEIGES
IGESSelect_DispPerDrawing,exchange::iges::select,TKDEIGES
IGESSelect_DispPerSingleView,exchange::iges::select,TKDEIGES
IGESSelect_Dumper,exchange::iges::select,TKDEIGES
IGESSelect_EditDirPart,exchange::iges::select,TKDEIGES
IGESSelect_EditHeader,exchange::iges::select,TKDEIGES
IGESSelect_FileModifier,exchange::iges::select,TKDEIGES
IGESSelect_FloatFormat,exchange::iges::select,TKDEIGES
IGESSelect_IGESName,exchange::iges::select,TKDEIGES
IGESSelect_IGESTypeForm,exchange::iges::select,TKDEIGES
IGESSelect_ModelModifier,exchange::iges::select,TKDEIGES
IGESSelect_RebuildDrawings,exchange::iges::select,TKDEIGES
IGESSelect_RebuildGroups,exchange::iges::select,TKDEIGES
IGESSelect_RemoveCurves,exchange::iges::select,TKDEIGES
IGESSelect_SelectBasicGeom,exchange::iges::select,TKDEIGES
IGESSelect_SelectBypassGroup,exchange::iges::select,TKDEIGES
IGESSelect_SelectBypassSubfigure,exchange::iges::select,TKDEIGES
IGESSelect_SelectDrawingFrom,exchange::iges::select,TKDEIGES
IGESSelect_SelectFaces,exchange::iges::select,TKDEIGES
IGESSelect_SelectFromDrawing,exchange::iges::select,TKDEIGES
IGESSelect_SelectFromSingleView,exchange::iges::select,TKDEIGES
IGESSelect_SelectLevelNumber,exchange::iges::select,TKDEIGES
IGESSelect_SelectName,exchange::iges::select,TKDEIGES
IGESSelect_SelectPCurves,exchange::iges::select,TKDEIGES
IGESSelect_SelectSingleViewFrom,exchange::iges::select,TKDEIGES
IGESSelect_SelectSubordinate,exchange::iges::select,TKDEIGES
IGESSelect_SelectVisibleStatus,exchange::iges::select,TKDEIGES
IGESSelect_SetGlobalParameter,exchange::iges::select,TKDEIGES
IGESSelect_SetLabel,exchange::iges::select,TKDEIGES
IGESSelect_SetVersion5,exchange::iges::select,TKDEIGES
IGESSelect_SignColor,exchange::iges::select,TKDEIGES
IGESSelect_SignLevelNumber,exchange::iges::select,TKDEIGES
IGESSelect_SignStatus,exchange::iges::select,TKDEIGES
IGESSelect_SplineToBSpline,exchange::iges::select,TKDEIGES
IGESSelect_UpdateCreationDate,exchange::iges::select,TKDEIGES
IGESSelect_UpdateFileName,exchange::iges::select,TKDEIGES
IGESSelect_UpdateLastChange,exchange::iges::select,TKDEIGES
IGESSelect_ViewSorter,exchange::iges::select,TKDEIGES
IGESSelect_WorkLibrary,exchange::iges::select,TKDEIGES
IGESSolid,exchange::iges::solid,TKDEIGES
IGESSolid_Block,exchange::iges::solid,TKDEIGES
IGESSolid_BooleanTree,exchange::iges::solid,TKDEIGES
IGESSolid_ConeFrustum,exchange::iges::solid,TKDEIGES
IGESSolid_ConicalSurface,exchange::iges::solid,TKDEIGES
IGESSolid_Cylinder,exchange::iges::solid,TKDEIGES
IGESSolid_CylindricalSurface,exchange::iges::solid,TKDEIGES
IGESSolid_EdgeList,exchange::iges::solid,TKDEIGES
IGESSolid_Ellipsoid,exchange::iges::solid,TKDEIGES
IGESSolid_Face,exchange::iges::solid,TKDEIGES
IGESSolid_GeneralModule,exchange::iges::solid,TKDEIGES
IGESSolid_Loop,exchange::iges::solid,TKDEIGES
IGESSolid_ManifoldSolid,exchange::iges::solid,TKDEIGES
IGESSolid_PlaneSurface,exchange::iges::solid,TKDEIGES
IGESSolid_Protocol,exchange::iges::solid,TKDEIGES
IGESSolid_ReadWriteModule,exchange::iges::solid,TKDEIGES
IGESSolid_RightAngularWedge,exchange::iges::solid,TKDEIGES
IGESSolid_SelectedComponent,exchange::iges::solid,TKDEIGES
IGESSolid_Shell,exchange::iges::solid,TKDEIGES
IGESSolid_SolidAssembly,exchange::iges::solid,TKDEIGES
IGESSolid_SolidInstance,exchange::iges::solid,TKDEIGES
IGESSolid_SolidOfLinearExtrusion,exchange::iges::solid,TKDEIGES
IGESSolid_SolidOfRevolution,exchange::iges::solid,TKDEIGES
IGESSolid_SpecificModule,exchange::iges::solid,TKDEIGES
IGESSolid_Sphere,exchange::iges::solid,TKDEIGES
IGESSolid_SphericalSurface,exchange::iges::solid,TKDEIGES
IGESSolid_ToolBlock,exchange::iges::solid,TKDEIGES
IGESSolid_ToolBooleanTree,exchange::iges::solid,TKDEIGES
IGESSolid_ToolConeFrustum,exchange::iges::solid,TKDEIGES
IGESSolid_ToolConicalSurface,exchange::iges::solid,TKDEIGES
IGESSolid_ToolCylinder,exchange::iges::solid,TKDEIGES
IGESSolid_ToolCylindricalSurface,exchange::iges::solid,TKDEIGES
IGESSolid_ToolEdgeList,exchange::iges::solid,TKDEIGES
IGESSolid_ToolEllipsoid,exchange::iges::solid,TKDEIGES
IGESSolid_ToolFace,exchange::iges::solid,TKDEIGES
IGESSolid_ToolLoop,exchange::iges::solid,TKDEIGES
IGESSolid_ToolManifoldSolid,exchange::iges::solid,TKDEIGES
IGESSolid_ToolPlaneSurface,exchange::iges::solid,TKDEIGES
IGESSolid_ToolRightAngularWedge,exchange::iges::solid,TKDEIGES
IGESSolid_ToolSelectedComponent,exchange::iges::solid,TKDEIGES
IGESSolid_ToolShell,exchange::iges::solid,TKDEIGES
IGESSolid_ToolSolidAssembly,exchange::iges::solid,TKDEIGES
IGESSolid_ToolSolidInstance,exchange::iges::solid,TKDEIGES
IGESSolid_ToolSolidOfLinearExtrusion,exchange::iges::solid,TKDEIGES
IGESSolid_ToolSolidOfRevolution,exchange::iges::solid,TKDEIGES
IGESSolid_ToolSphere,exchange::iges::solid,TKDEIGES
IGESSolid_ToolSphericalSurface,exchange::iges::solid,TKDEIGES
IGESSolid_ToolToroidalSurface,exchange::iges::solid,TKDEIGES
IGESSolid_ToolTorus,exchange::iges::solid,TKDEIGES
IGESSolid_ToolVertexList,exchange::iges::solid,TKDEIGES
IGESSolid_TopoBuilder,exchange::iges::solid,TKDEIGES
IGESSolid_ToroidalSurface,exchange::iges::solid,TKDEIGES
IGESSolid_Torus,exchange::iges::solid,TKDEIGES
IGESSolid_VertexList,exchange::iges::solid,TKDEIGES
IGESToBRep,exchange::iges::reader,TKDEIGES
IGESToBRep_Actor,exchange::iges::reader,TKDEIGES
IGESToBRep_AlgoContainer,exchange::iges::reader,TKDEIGES
IGESToBRep_BRepEntity,exchange::iges::reader,TKDEIGES
IGESToBRep_BasicCurve,exchange::iges::reader,TKDEIGES
IGESToBRep_BasicSurface,exchange::iges::reader,TKDEIGES
IGESToBRep_CurveAndSurface,exchange::iges::reader,TKDEIGES
IGESToBRep_IGESBoundary,exchange::iges::reader,TKDEIGES
IGESToBRep_Reader,exchange::iges::reader,TKDEIGES
IGESToBRep_ToolContainer,exchange::iges::reader,TKDEIGES
IGESToBRep_TopoCurve,exchange::iges::reader,TKDEIGES
IGESToBRep_TopoSurface,exchange::iges::reader,TKDEIGES
DEOBJ_ConfigurationNode,exchange::de::obj,TKDEOBJ
DEOBJ_Provider,exchange::de::obj,TKDEOBJ
RWObj,exchange::obj::rw,TKDEOBJ
RWObj_CafReader,exchange::obj::rw,TKDEOBJ
RWObj_CafWriter,exchange::obj::rw,TKDEOBJ
RWObj_MtlReader,exchange::obj::rw,TKDEOBJ
RWObj_ObjMaterialMap,exchange::obj::rw,TKDEOBJ
RWObj_ObjWriterContext,exchange::obj::rw,TKDEOBJ
RWObj_Reader,exchange::obj::rw,TKDEOBJ
RWObj_TriangulationReader,exchange::obj::rw,TKDEOBJ
DEPLY_ConfigurationNode,exchange::de::ply,TKDEPLY
DEPLY_Provider,exchange::de::ply,TKDEPLY
RWPly_CafWriter,exchange::ply::rw,TKDEPLY
RWPly_PlyWriterContext,exchange::ply::rw,TKDEPLY
APIHeaderSection_EditHeader,exchange::step::header,TKDESTEP
APIHeaderSection_MakeHeader,exchange::step::header,TKDESTEP
DESTEP_ConfigurationNode,exchange::de::step,TKDESTEP
DESTEP_Parameters,exchange::de::step,TKDESTEP
DESTEP_Provider,exchange::de::step,TKDESTEP
GeomToStep_MakeAxis1Placement,exchange::step::writer::geom,TKDESTEP
GeomToStep_MakeAxis2Placement2d,exchange::step::writer::geom,TKDESTEP
GeomToStep_MakeAxis2Placement3d,exchange::step::writer::geom,TKDESTEP
GeomToStep_MakeBSplineCurveWithKnots,exchange::step::writer::geom,TKDESTEP
GeomToStep_MakeBSplineCurveWithKnotsAndRationalBSplineCurve,exchange::step::writer::geom,TKDESTEP
GeomToStep_MakeBSplineSurfaceWithKnots,exchange::step::writer::geom,TKDESTEP
GeomToStep_MakeBSplineSurfaceWithKnotsAndRationalBSplineSurface,exchange::step::writer::geom,TKDESTEP
GeomToStep_MakeBoundedCurve,exchange::step::writer::geom,TKDESTEP
GeomToStep_MakeBoundedSurface,exchange::step::writer::geom,TKDESTEP
GeomToStep_MakeCartesianPoint,exchange::step::writer::geom,TKDESTEP
GeomToStep_MakeCartesianTransformationOperator,exchange::step::writer::geom,TKDESTEP
GeomToStep_MakeCircle,exchange::step::writer::geom,TKDESTEP
GeomToStep_MakeConic,exchange::step::writer::geom,TKDESTEP
GeomToStep_MakeConicalSurface,exchange::step::writer::geom,TKDESTEP
GeomToStep_MakeCurve,exchange::step::writer::geom,TKDESTEP
GeomToStep_MakeCylindricalSurface,exchange::step::writer::geom,TKDESTEP
GeomToStep_MakeDirection,exchange::step::writer::geom,TKDESTEP
GeomToStep_MakeElementarySurface,exchange::step::writer::geom,TKDESTEP
GeomToStep_MakeEllipse,exchange::step::writer::geom,TKDESTEP
GeomToStep_MakeHyperbola,exchange::step::writer::geom,TKDESTEP
GeomToStep_MakeLine,exchange::step::writer::geom,TKDESTEP
GeomToStep_MakeParabola,exchange::step::writer::geom,TKDESTEP
GeomToStep_MakePlane,exchange::step::writer::geom,TKDESTEP
GeomToStep_MakePolyline,exchange::step::writer::geom,TKDESTEP
GeomToStep_MakeRectangularTrimmedSurface,exchange::step::writer::geom,TKDESTEP
GeomToStep_MakeSphericalSurface,exchange::step::writer::geom,TKDESTEP
GeomToStep_MakeSurface,exchange::step::writer::geom,TKDESTEP
GeomToStep_MakeSurfaceOfLinearExtrusion,exchange::step::writer::geom,TKDESTEP
GeomToStep_MakeSurfaceOfRevolution,exchange::step::writer::geom,TKDESTEP
GeomToStep_MakeSweptSurface,exchange::step::writer::geom,TKDESTEP
GeomToStep_MakeToroidalSurface,exchange::step::writer::geom,TKDESTEP
GeomToStep_MakeVector,exchange::step::writer::geom,TKDESTEP
GeomToStep_Root,exchange::step::writer::geom,TKDESTEP
HeaderSection,exchange::step::header,TKDESTEP
HeaderSection_FileDescription,exchange::step::header,TKDESTEP
HeaderSection_FileName,exchange::step::header,TKDESTEP
HeaderSection_FileSchema,exchange::step::header,TKDESTEP
HeaderSection_Protocol,exchange::step::header,TKDESTEP
RWHeaderSection,exchange::step::rw::rwheadersection,TKDESTEP
RWHeaderSection_GeneralModule,exchange::step::rw::rwheadersection,TKDESTEP
RWHeaderSection_RWFileDescription,exchange::step::rw::rwheadersection,TKDESTEP
RWHeaderSection_RWFileName,exchange::step::rw::rwheadersection,TKDESTEP
RWHeaderSection_RWFileSchema,exchange::step::rw::rwheadersection,TKDESTEP
RWHeaderSection_ReadWriteModule,exchange::step::rw::rwheadersection,TKDESTEP
STEPCAFControl_ActorWrite,exchange::step::xde,TKDESTEP
STEPCAFControl_Controller,exchange::step::xde,TKDESTEP
STEPCAFControl_ExternFile,exchange::step::xde,TKDESTEP
STEPCAFControl_GDTProperty,exchange::step::xde,TKDESTEP
STEPCAFControl_Reader,exchange::step::xde,TKDESTEP
STEPCAFControl_Writer,exchange::step::xde,TKDESTEP
STEPConstruct,exchange::step::construct,TKDESTEP
STEPConstruct_AP203Context,exchange::step::construct,TKDESTEP
STEPConstruct_Assembly,exchange::step::construct,TKDESTEP
STEPConstruct_ContextTool,exchange::step::construct,TKDESTEP
STEPConstruct_ExternRefs,exchange::step::construct,TKDESTEP
STEPConstruct_Part,exchange::step::construct,TKDESTEP
STEPConstruct_RenderingProperties,exchange::step::construct,TKDESTEP
STEPConstruct_Styles,exchange::step::construct,TKDESTEP
STEPConstruct_Tool,exchange::step::construct,TKDESTEP
STEPConstruct_UnitContext,exchange::step::construct,TKDESTEP
STEPConstruct_ValidationProps,exchange::step::construct,TKDESTEP
STEPControl_ActorRead,exchange::step::control,TKDESTEP
STEPControl_ActorWrite,exchange::step::control,TKDESTEP
STEPControl_Controller,exchange::step::control,TKDESTEP
STEPControl_Reader,exchange::step::control,TKDESTEP
STEPControl_Writer,exchange::step::control,TKDESTEP
STEPEdit,exchange::step::edit,TKDESTEP
STEPEdit_EditContext,exchange::step::edit,TKDESTEP
STEPEdit_EditSDR,exchange::step::edit,TKDESTEP
STEPSelections_AssemblyComponent,exchange::step::selection,TKDESTEP
STEPSelections_AssemblyExplorer,exchange::step::selection,TKDESTEP
STEPSelections_AssemblyLink,exchange::step::selection,TKDESTEP
STEPSelections_Counter,exchange::step::selection,TKDESTEP
STEPSelections_SelectAssembly,exchange::step::selection,TKDESTEP
STEPSelections_SelectDerived,exchange::step::selection,TKDESTEP
STEPSelections_SelectFaces,exchange::step::selection,TKDESTEP
STEPSelections_SelectForTransfer,exchange::step::selection,TKDESTEP
STEPSelections_SelectGSCurves,exchange::step::selection,TKDESTEP
STEPSelections_SelectInstances,exchange::step::selection,TKDESTEP
StepAP203_ApprovedItem,exchange::step::schema::ap203,TKDESTEP
StepAP203_CcDesignApproval,exchange::step::schema::ap203,TKDESTEP
StepAP203_CcDesignCertification,exchange::step::schema::ap203,TKDESTEP
StepAP203_CcDesignContract,exchange::step::schema::ap203,TKDESTEP
StepAP203_CcDesignDateAndTimeAssignment,exchange::step::schema::ap203,TKDESTEP
StepAP203_CcDesignPersonAndOrganizationAssignment,exchange::step::schema::ap203,TKDESTEP
StepAP203_CcDesignSecurityClassification,exchange::step::schema::ap203,TKDESTEP
StepAP203_CcDesignSpecificationReference,exchange::step::schema::ap203,TKDESTEP
StepAP203_CertifiedItem,exchange::step::schema::ap203,TKDESTEP
StepAP203_Change,exchange::step::schema::ap203,TKDESTEP
StepAP203_ChangeRequest,exchange::step::schema::ap203,TKDESTEP
StepAP203_ChangeRequestItem,exchange::step::schema::ap203,TKDESTEP
StepAP203_ClassifiedItem,exchange::step::schema::ap203,TKDESTEP
StepAP203_ContractedItem,exchange::step::schema::ap203,TKDESTEP
StepAP203_DateTimeItem,exchange::step::schema::ap203,TKDESTEP
StepAP203_PersonOrganizationItem,exchange::step::schema::ap203,TKDESTEP
StepAP203_SpecifiedItem,exchange::step::schema::ap203,TKDESTEP
StepAP203_StartRequest,exchange::step::schema::ap203,TKDESTEP
StepAP203_StartRequestItem,exchange::step::schema::ap203,TKDESTEP
StepAP203_StartWork,exchange::step::schema::ap203,TKDESTEP
StepAP203_WorkItem,exchange::step::schema::ap203,TKDESTEP
StepAP209_Construct,exchange::step::schema::ap209,TKDESTEP
StepAP214,exchange::step::schema::ap214,TKDESTEP
StepAP214_AppliedApprovalAssignment,exchange::step::schema::ap214,TKDESTEP
StepAP214_AppliedDateAndTimeAssignment,exchange::step::schema::ap214,TKDESTEP
StepAP214_AppliedDateAssignment,exchange::step::schema::ap214,TKDESTEP
StepAP214_AppliedDocumentReference,exchange::step::schema::ap214,TKDESTEP
StepAP214_AppliedExternalIdentificationAssignment,exchange::step::schema::ap214,TKDESTEP
StepAP214_AppliedGroupAssignment,exchange::step::schema::ap214,TKDESTEP
StepAP214_AppliedOrganizationAssignment,exchange::step::schema::ap214,TKDESTEP
StepAP214_AppliedPersonAndOrganizationAssignment,exchange::step::schema::ap214,TKDESTEP
StepAP214_AppliedPresentedItem,exchange::step::schema::ap214,TKDESTEP
StepAP214_AppliedSecurityClassificationAssignment,exchange::step::schema::ap214,TKDESTEP
StepAP214_ApprovalItem,exchange::step::schema::ap214,TKDESTEP
StepAP214_AutoDesignActualDateAndTimeAssignment,exchange::step::schema::ap214,TKDESTEP
StepAP214_AutoDesignActualDateAssignment,exchange::step::schema::ap214,TKDESTEP
StepAP214_AutoDesignApprovalAssignment,exchange::step::schema::ap214,TKDESTEP
StepAP214_AutoDesignDateAndPersonAssignment,exchange::step::schema::ap214,TKDESTEP
StepAP214_AutoDesignDateAndPersonItem,exchange::step::schema::ap214,TKDESTEP
StepAP214_AutoDesignDateAndTimeItem,exchange::step::schema::ap214,TKDESTEP
StepAP214_AutoDesignDatedItem,exchange::step::schema::ap214,TKDESTEP
StepAP214_AutoDesignDocumentReference,exchange::step::schema::ap214,TKDESTEP
StepAP214_AutoDesignGeneralOrgItem,exchange::step::schema::ap214,TKDESTEP
StepAP214_AutoDesignGroupAssignment,exchange::step::schema::ap214,TKDESTEP
StepAP214_AutoDesignGroupedItem,exchange::step::schema::ap214,TKDESTEP
StepAP214_AutoDesignNominalDateAndTimeAssignment,exchange::step::schema::ap214,TKDESTEP
StepAP214_AutoDesignNominalDateAssignment,exchange::step::schema::ap214,TKDESTEP
StepAP214_AutoDesignOrganizationAssignment,exchange::step::schema::ap214,TKDESTEP
StepAP214_AutoDesignOrganizationItem,exchange::step::schema::ap214,TKDESTEP
StepAP214_AutoDesignPersonAndOrganizationAssignment,exchange::step::schema::ap214,TKDESTEP
StepAP214_AutoDesignPresentedItem,exchange::step::schema::ap214,TKDESTEP
StepAP214_AutoDesignPresentedItemSelect,exchange::step::schema::ap214,TKDESTEP
StepAP214_AutoDesignReferencingItem,exchange::step::schema::ap214,TKDESTEP
StepAP214_AutoDesignSecurityClassificationAssignment,exchange::step::schema::ap214,TKDESTEP
StepAP214_Class,exchange::step::schema::ap214,TKDESTEP
StepAP214_DateAndTimeItem,exchange::step::schema::ap214,TKDESTEP
StepAP214_DateItem,exchange::step::schema::ap214,TKDESTEP
StepAP214_DocumentReferenceItem,exchange::step::schema::ap214,TKDESTEP
StepAP214_ExternalIdentificationItem,exchange::step::schema::ap214,TKDESTEP
StepAP214_ExternallyDefinedClass,exchange::step::schema::ap214,TKDESTEP
StepAP214_ExternallyDefinedGeneralProperty,exchange::step::schema::ap214,TKDESTEP
StepAP214_GroupItem,exchange::step::schema::ap214,TKDESTEP
StepAP214_OrganizationItem,exchange::step::schema::ap214,TKDESTEP
StepAP214_PersonAndOrganizationItem,exchange::step::schema::ap214,TKDESTEP
StepAP214_PresentedItemSelect,exchange::step::schema::ap214,TKDESTEP
StepAP214_Protocol,exchange::step::schema::ap214,TKDESTEP
StepAP214_RepItemGroup,exchange::step::schema::ap214,TKDESTEP
StepAP214_SecurityClassificationItem,exchange::step::schema::ap214,TKDESTEP
StepAP242_DraughtingModelItemAssociation,exchange::step::schema::ap242,TKDESTEP
StepAP242_GeometricItemSpecificUsage,exchange::step::schema::ap242,TKDESTEP
StepAP242_IdAttribute,exchange::step::schema::ap242,TKDESTEP
StepAP242_IdAttributeSelect,exchange::step::schema::ap242,TKDESTEP
StepAP242_ItemIdentifiedRepresentationUsage,exchange::step::schema::ap242,TKDESTEP
StepAP242_ItemIdentifiedRepresentationUsageDefinition,exchange::step::schema::ap242,TKDESTEP
StepBasic_Action,exchange::step::schema::basic,TKDESTEP
StepBasic_ActionAssignment,exchange::step::schema::basic,TKDESTEP
StepBasic_ActionMethod,exchange::step::schema::basic,TKDESTEP
StepBasic_ActionRequestAssignment,exchange::step::schema::basic,TKDESTEP
StepBasic_ActionRequestSolution,exchange::step::schema::basic,TKDESTEP
StepBasic_Address,exchange::step::schema::basic,TKDESTEP
StepBasic_ApplicationContext,exchange::step::schema::basic,TKDESTEP
StepBasic_ApplicationContextElement,exchange::step::schema::basic,TKDESTEP
StepBasic_ApplicationProtocolDefinition,exchange::step::schema::basic,TKDESTEP
StepBasic_Approval,exchange::step::schema::basic,TKDESTEP
StepBasic_ApprovalAssignment,exchange::step::schema::basic,TKDESTEP
StepBasic_ApprovalDateTime,exchange::step::schema::basic,TKDESTEP
StepBasic_ApprovalPersonOrganization,exchange::step::schema::basic,TKDESTEP
StepBasic_ApprovalRelationship,exchange::step::schema::basic,TKDESTEP
StepBasic_ApprovalRole,exchange::step::schema::basic,TKDESTEP
StepBasic_ApprovalStatus,exchange::step::schema::basic,TKDESTEP
StepBasic_AreaUnit,exchange::step::schema::basic,TKDESTEP
StepBasic_CalendarDate,exchange::step::schema::basic,TKDESTEP
StepBasic_Certification,exchange::step::schema::basic,TKDESTEP
StepBasic_CertificationAssignment,exchange::step::schema::basic,TKDESTEP
StepBasic_CertificationType,exchange::step::schema::basic,TKDESTEP
StepBasic_CharacterizedObject,exchange::step::schema::basic,TKDESTEP
StepBasic_Contract,exchange::step::schema::basic,TKDESTEP
StepBasic_ContractAssignment,exchange::step::schema::basic,TKDESTEP
StepBasic_ContractType,exchange::step::schema::basic,TKDESTEP
StepBasic_ConversionBasedUnit,exchange::step::schema::basic,TKDESTEP
StepBasic_ConversionBasedUnitAndAreaUnit,exchange::step::schema::basic,TKDESTEP
StepBasic_ConversionBasedUnitAndLengthUnit,exchange::step::schema::basic,TKDESTEP
StepBasic_ConversionBasedUnitAndMassUnit,exchange::step::schema::basic,TKDESTEP
StepBasic_ConversionBasedUnitAndPlaneAngleUnit,exchange::step::schema::basic,TKDESTEP
StepBasic_ConversionBasedUnitAndRatioUnit,exchange::step::schema::basic,TKDESTEP
StepBasic_ConversionBasedUnitAndSolidAngleUnit,exchange::step::schema::basic,TKDESTEP
StepBasic_ConversionBasedUnitAndTimeUnit,exchange::step::schema::basic,TKDESTEP
StepBasic_ConversionBasedUnitAndVolumeUnit,exchange::step::schema::basic,TKDESTEP
StepBasic_CoordinatedUniversalTimeOffset,exchange::step::schema::basic,TKDESTEP
StepBasic_Date,exchange::step::schema::basic,TKDESTEP
StepBasic_DateAndTime,exchange::step::schema::basic,TKDESTEP
StepBasic_DateAndTimeAssignment,exchange::step::schema::basic,TKDESTEP
StepBasic_DateAssignment,exchange::step::schema::basic,TKDESTEP
StepBasic_DateRole,exchange::step::schema::basic,TKDESTEP
StepBasic_DateTimeRole,exchange::step::schema::basic,TKDESTEP
StepBasic_DateTimeSelect,exchange::step::schema::basic,TKDESTEP
StepBasic_DerivedUnit,exchange::step::schema::basic,TKDESTEP
StepBasic_DerivedUnitElement,exchange::step::schema::basic,TKDESTEP
StepBasic_DesignContext,exchange::step::schema::basic,TKDESTEP
StepBasic_DigitalDocument,exchange::step::schema::basic,TKDESTEP
StepBasic_DimensionalExponents,exchange::step::schema::basic,TKDESTEP
StepBasic_Document,exchange::step::schema::basic,TKDESTEP
StepBasic_DocumentFile,exchange::step::schema::basic,TKDESTEP
StepBasic_DocumentProductAssociation,exchange::step::schema::basic,TKDESTEP
StepBasic_DocumentProductEquivalence,exchange::step::schema::basic,TKDESTEP
StepBasic_DocumentReference,exchange::step::schema::basic,TKDESTEP
StepBasic_DocumentRelationship,exchange::step::schema::basic,TKDESTEP
StepBasic_DocumentRepresentationType,exchange::step::schema::basic,TKDESTEP
StepBasic_DocumentType,exchange::step::schema::basic,TKDESTEP
StepBasic_DocumentUsageConstraint,exchange::step::schema::basic,TKDESTEP
StepBasic_Effectivity,exchange::step::schema::basic,TKDESTEP
StepBasic_EffectivityAssignment,exchange::step::schema::basic,TKDESTEP
StepBasic_EulerAngles,exchange::step::schema::basic,TKDESTEP
StepBasic_ExternalIdentificationAssignment,exchange::step::schema::basic,TKDESTEP
StepBasic_ExternalSource,exchange::step::schema::basic,TKDESTEP
StepBasic_ExternallyDefinedItem,exchange::step::schema::basic,TKDESTEP
StepBasic_GeneralProperty,exchange::step::schema::basic,TKDESTEP
StepBasic_GeneralPropertyAssociation,exchange::step::schema::basic,TKDESTEP
StepBasic_GeneralPropertyRelationship,exchange::step::schema::basic,TKDESTEP
StepBasic_Group,exchange::step::schema::basic,TKDESTEP
StepBasic_GroupAssignment,exchange::step::schema::basic,TKDESTEP
StepBasic_GroupRelationship,exchange::step::schema::basic,TKDESTEP
StepBasic_IdentificationAssignment,exchange::step::schema::basic,TKDESTEP
StepBasic_IdentificationRole,exchange::step::schema::basic,TKDESTEP
StepBasic_LengthMeasureWithUnit,exchange::step::schema::basic,TKDESTEP
StepBasic_LengthUnit,exchange::step::schema::basic,TKDESTEP
StepBasic_LocalTime,exchange::step::schema::basic,TKDESTEP
StepBasic_MassMeasureWithUnit,exchange::step::schema::basic,TKDESTEP
StepBasic_MassUnit,exchange::step::schema::basic,TKDESTEP
StepBasic_MeasureValueMember,exchange::step::schema::basic,TKDESTEP
StepBasic_MeasureWithUnit,exchange::step::schema::basic,TKDESTEP
StepBasic_MechanicalContext,exchange::step::schema::basic,TKDESTEP
StepBasic_NameAssignment,exchange::step::schema::basic,TKDESTEP
StepBasic_NamedUnit,exchange::step::schema::basic,TKDESTEP
StepBasic_ObjectRole,exchange::step::schema::basic,TKDESTEP
StepBasic_OrdinalDate,exchange::step::schema::basic,TKDESTEP
StepBasic_Organization,exchange::step::schema::basic,TKDESTEP
StepBasic_OrganizationAssignment,exchange::step::schema::basic,TKDESTEP
StepBasic_OrganizationRole,exchange::step::schema::basic,TKDESTEP
StepBasic_OrganizationalAddress,exchange::step::schema::basic,TKDESTEP
StepBasic_Person,exchange::step::schema::basic,TKDESTEP
StepBasic_PersonAndOrganization,exchange::step::schema::basic,TKDESTEP
StepBasic_PersonAndOrganizationAssignment,exchange::step::schema::basic,TKDESTEP
StepBasic_PersonAndOrganizationRole,exchange::step::schema::basic,TKDESTEP
StepBasic_PersonOrganizationSelect,exchange::step::schema::basic,TKDESTEP
StepBasic_PersonalAddress,exchange::step::schema::basic,TKDESTEP
StepBasic_PhysicallyModeledProductDefinition,exchange::step::schema::basic,TKDESTEP
StepBasic_PlaneAngleMeasureWithUnit,exchange::step::schema::basic,TKDESTEP
StepBasic_PlaneAngleUnit,exchange::step::schema::basic,TKDESTEP
StepBasic_Product,exchange::step::schema::basic,TKDESTEP
StepBasic_ProductCategory,exchange::step::schema::basic,TKDESTEP
StepBasic_ProductCategoryRelationship,exchange::step::schema::basic,TKDESTEP
StepBasic_ProductConceptContext,exchange::step::schema::basic,TKDESTEP
StepBasic_ProductContext,exchange::step::schema::basic,TKDESTEP
StepBasic_ProductDefinition,exchange::step::schema::basic,TKDESTEP
StepBasic_ProductDefinitionContext,exchange::step::schema::basic,TKDESTEP
StepBasic_ProductDefinitionEffectivity,exchange::step::schema::basic,TKDESTEP
StepBasic_ProductDefinitionFormation,exchange::step::schema::basic,TKDESTEP
StepBasic_ProductDefinitionFormationRelationship,exchange::step::schema::basic,TKDESTEP
StepBasic_ProductDefinitionFormationWithSpecifiedSource,exchange::step::schema::basic,TKDESTEP
StepBasic_ProductDefinitionOrReference,exchange::step::schema::basic,TKDESTEP
StepBasic_ProductDefinitionReference,exchange::step::schema::basic,TKDESTEP
StepBasic_ProductDefinitionReferenceWithLocalRepresentation,exchange::step::schema::basic,TKDESTEP
StepBasic_ProductDefinitionRelationship,exchange::step::schema::basic,TKDESTEP
StepBasic_ProductDefinitionWithAssociatedDocuments,exchange::step::schema::basic,TKDESTEP
StepBasic_ProductOrFormationOrDefinition,exchange::step::schema::basic,TKDESTEP
StepBasic_ProductRelatedProductCategory,exchange::step::schema::basic,TKDESTEP
StepBasic_ProductType,exchange::step::schema::basic,TKDESTEP
StepBasic_RatioMeasureWithUnit,exchange::step::schema::basic,TKDESTEP
StepBasic_RatioUnit,exchange::step::schema::basic,TKDESTEP
StepBasic_RoleAssociation,exchange::step::schema::basic,TKDESTEP
StepBasic_RoleSelect,exchange::step::schema::basic,TKDESTEP
StepBasic_SecurityClassification,exchange::step::schema::basic,TKDESTEP
StepBasic_SecurityClassificationAssignment,exchange::step::schema::basic,TKDESTEP
StepBasic_SecurityClassificationLevel,exchange::step::schema::basic,TKDESTEP
StepBasic_SiUnit,exchange::step::schema::basic,TKDESTEP
StepBasic_SiUnitAndAreaUnit,exchange::step::schema::basic,TKDESTEP
StepBasic_SiUnitAndLengthUnit,exchange::step::schema::basic,TKDESTEP
StepBasic_SiUnitAndMassUnit,exchange::step::schema::basic,TKDESTEP
StepBasic_SiUnitAndPlaneAngleUnit,exchange::step::schema::basic,TKDESTEP
StepBasic_SiUnitAndRatioUnit,exchange::step::schema::basic,TKDESTEP
StepBasic_SiUnitAndSolidAngleUnit,exchange::step::schema::basic,TKDESTEP
StepBasic_SiUnitAndThermodynamicTemperatureUnit,exchange::step::schema::basic,TKDESTEP
StepBasic_SiUnitAndTimeUnit,exchange::step::schema::basic,TKDESTEP
StepBasic_SiUnitAndVolumeUnit,exchange::step::schema::basic,TKDESTEP
StepBasic_SizeMember,exchange::step::schema::basic,TKDESTEP
StepBasic_SizeSelect,exchange::step::schema::basic,TKDESTEP
StepBasic_SolidAngleMeasureWithUnit,exchange::step::schema::basic,TKDESTEP
StepBasic_SolidAngleUnit,exchange::step::schema::basic,TKDESTEP
StepBasic_SourceItem,exchange::step::schema::basic,TKDESTEP
StepBasic_ThermodynamicTemperatureUnit,exchange::step::schema::basic,TKDESTEP
StepBasic_TimeMeasureWithUnit,exchange::step::schema::basic,TKDESTEP
StepBasic_TimeUnit,exchange::step::schema::basic,TKDESTEP
StepBasic_UncertaintyMeasureWithUnit,exchange::step::schema::basic,TKDESTEP
StepBasic_Unit,exchange::step::schema::basic,TKDESTEP
StepBasic_VersionedActionRequest,exchange::step::schema::basic,TKDESTEP
StepBasic_VolumeUnit,exchange::step::schema::basic,TKDESTEP
StepBasic_WeekOfYearAndDayDate,exchange::step::schema::basic,TKDESTEP
StepData,exchange::step::data,TKDESTEP
StepData_DefaultGeneral,exchange::step::data,TKDESTEP
StepData_Described,exchange::step::data,TKDESTEP
StepData_ECDescr,exchange::step::data,TKDESTEP
StepData_EDescr,exchange::step::data,TKDESTEP
StepData_ESDescr,exchange::step::data,TKDESTEP
StepData_EnumTool,exchange::step::data,TKDESTEP
StepData_Factors,exchange::step::data,TKDESTEP
StepData_Field,exchange::step::data,TKDESTEP
StepData_FieldList,exchange::step::data,TKDESTEP
StepData_FieldList1,exchange::step::data,TKDESTEP
StepData_FieldListD,exchange::step::data,TKDESTEP
StepData_FieldListN,exchange::step::data,TKDESTEP
StepData_FileProtocol,exchange::step::data,TKDESTEP
StepData_FileRecognizer,exchange::step::data,TKDESTEP
StepData_FreeFormEntity,exchange::step::data,TKDESTEP
StepData_GeneralModule,exchange::step::data,TKDESTEP
StepData_GlobalNodeOfWriterLib,exchange::step::data,TKDESTEP
StepData_NodeOfWriterLib,exchange::step::data,TKDESTEP
StepData_PDescr,exchange::step::data,TKDESTEP
StepData_Plex,exchange::step::data,TKDESTEP
StepData_Protocol,exchange::step::data,TKDESTEP
StepData_ReadWriteModule,exchange::step::data,TKDESTEP
StepData_SelectArrReal,exchange::step::data,TKDESTEP
StepData_SelectInt,exchange::step::data,TKDESTEP
StepData_SelectMember,exchange::step::data,TKDESTEP
StepData_SelectNamed,exchange::step::data,TKDESTEP
StepData_SelectReal,exchange::step::data,TKDESTEP
StepData_SelectType,exchange::step::data,TKDESTEP
StepData_Simple,exchange::step::data,TKDESTEP
StepData_StepDumper,exchange::step::data,TKDESTEP
StepData_StepModel,exchange::step::data,TKDESTEP
StepData_StepReaderData,exchange::step::data,TKDESTEP
StepData_StepReaderTool,exchange::step::data,TKDESTEP
StepData_StepWriter,exchange::step::data,TKDESTEP
StepData_UndefinedEntity,exchange::step::data,TKDESTEP
StepData_WriterLib,exchange::step::data,TKDESTEP
StepDimTol_AngularityTolerance,exchange::step::schema::dimtol,TKDESTEP
StepDimTol_CircularRunoutTolerance,exchange::step::schema::dimtol,TKDESTEP
StepDimTol_CoaxialityTolerance,exchange::step::schema::dimtol,TKDESTEP
StepDimTol_CommonDatum,exchange::step::schema::dimtol,TKDESTEP
StepDimTol_ConcentricityTolerance,exchange::step::schema::dimtol,TKDESTEP
StepDimTol_CylindricityTolerance,exchange::step::schema::dimtol,TKDESTEP
StepDimTol_Datum,exchange::step::schema::dimtol,TKDESTEP
StepDimTol_DatumFeature,exchange::step::schema::dimtol,TKDESTEP
StepDimTol_DatumOrCommonDatum,exchange::step::schema::dimtol,TKDESTEP
StepDimTol_DatumReference,exchange::step::schema::dimtol,TKDESTEP
StepDimTol_DatumReferenceCompartment,exchange::step::schema::dimtol,TKDESTEP
StepDimTol_DatumReferenceElement,exchange::step::schema::dimtol,TKDESTEP
StepDimTol_DatumReferenceModifier,exchange::step::schema::dimtol,TKDESTEP
StepDimTol_DatumReferenceModifierWithValue,exchange::step::schema::dimtol,TKDESTEP
StepDimTol_DatumSystem,exchange::step::schema::dimtol,TKDESTEP
StepDimTol_DatumSystemOrReference,exchange::step::schema::dimtol,TKDESTEP
StepDimTol_DatumTarget,exchange::step::schema::dimtol,TKDESTEP
StepDimTol_FlatnessTolerance,exchange::step::schema::dimtol,TKDESTEP
StepDimTol_GeneralDatumReference,exchange::step::schema::dimtol,TKDESTEP
StepDimTol_GeoTolAndGeoTolWthDatRef,exchange::step::schema::dimtol,TKDESTEP
StepDimTol_GeoTolAndGeoTolWthDatRefAndGeoTolWthMaxTol,exchange::step::schema::dimtol,TKDESTEP
StepDimTol_GeoTolAndGeoTolWthDatRefAndGeoTolWthMod,exchange::step::schema::dimtol,TKDESTEP
StepDimTol_GeoTolAndGeoTolWthDatRefAndModGeoTolAndPosTol,exchange::step::schema::dimtol,TKDESTEP
StepDimTol_GeoTolAndGeoTolWthDatRefAndUneqDisGeoTol,exchange::step::schema::dimtol,TKDESTEP
StepDimTol_GeoTolAndGeoTolWthMaxTol,exchange::step::schema::dimtol,TKDESTEP
StepDimTol_GeoTolAndGeoTolWthMod,exchange::step::schema::dimtol,TKDESTEP
StepDimTol_GeometricTolerance,exchange::step::schema::dimtol,TKDESTEP
StepDimTol_GeometricToleranceRelationship,exchange::step::schema::dimtol,TKDESTEP
StepDimTol_GeometricToleranceTarget,exchange::step::schema::dimtol,TKDESTEP
StepDimTol_GeometricToleranceWithDatumReference,exchange::step::schema::dimtol,TKDESTEP
StepDimTol_GeometricToleranceWithDefinedAreaUnit,exchange::step::schema::dimtol,TKDESTEP
StepDimTol_GeometricToleranceWithDefinedUnit,exchange::step::schema::dimtol,TKDESTEP
StepDimTol_GeometricToleranceWithMaximumTolerance,exchange::step::schema::dimtol,TKDESTEP
StepDimTol_GeometricToleranceWithModifiers,exchange::step::schema::dimtol,TKDESTEP
StepDimTol_LineProfileTolerance,exchange::step::schema::dimtol,TKDESTEP
StepDimTol_ModifiedGeometricTolerance,exchange::step::schema::dimtol,TKDESTEP
StepDimTol_NonUniformZoneDefinition,exchange::step::schema::dimtol,TKDESTEP
StepDimTol_ParallelismTolerance,exchange::step::schema::dimtol,TKDESTEP
StepDimTol_PerpendicularityTolerance,exchange::step::schema::dimtol,TKDESTEP
StepDimTol_PlacedDatumTargetFeature,exchange::step::schema::dimtol,TKDESTEP
StepDimTol_PositionTolerance,exchange::step::schema::dimtol,TKDESTEP
StepDimTol_ProjectedZoneDefinition,exchange::step::schema::dimtol,TKDESTEP
StepDimTol_RoundnessTolerance,exchange::step::schema::dimtol,TKDESTEP
StepDimTol_RunoutZoneDefinition,exchange::step::schema::dimtol,TKDESTEP
StepDimTol_RunoutZoneOrientation,exchange::step::schema::dimtol,TKDESTEP
StepDimTol_ShapeToleranceSelect,exchange::step::schema::dimtol,TKDESTEP
StepDimTol_SimpleDatumReferenceModifierMember,exchange::step::schema::dimtol,TKDESTEP
StepDimTol_StraightnessTolerance,exchange::step::schema::dimtol,TKDESTEP
StepDimTol_SurfaceProfileTolerance,exchange::step::schema::dimtol,TKDESTEP
StepDimTol_SymmetryTolerance,exchange::step::schema::dimtol,TKDESTEP
StepDimTol_ToleranceZone,exchange::step::schema::dimtol,TKDESTEP
StepDimTol_ToleranceZoneDefinition,exchange::step::schema::dimtol,TKDESTEP
StepDimTol_ToleranceZoneForm,exchange::step::schema::dimtol,TKDESTEP
StepDimTol_ToleranceZoneTarget,exchange::step::schema::dimtol,TKDESTEP
StepDimTol_TotalRunoutTolerance,exchange::step::schema::dimtol,TKDESTEP
StepDimTol_UnequallyDisposedGeometricTolerance,exchange::step::schema::dimtol,TKDESTEP
StepElement_AnalysisItemWithinRepresentation,exchange::step::schema::element,TKDESTEP
StepElement_Curve3dElementDescriptor,exchange::step::schema::element,TKDESTEP
StepElement_CurveElementEndReleasePacket,exchange::step::schema::element,TKDESTEP
StepElement_CurveElementFreedom,exchange::step::schema::element,TKDESTEP
StepElement_CurveElementFreedomMember,exchange::step::schema::element,TKDESTEP
StepElement_CurveElementPurpose,exchange::step::schema::element,TKDESTEP
StepElement_CurveElementPurposeMember,exchange::step::schema::element,TKDESTEP
StepElement_CurveElementSectionDefinition,exchange::step::schema::element,TKDESTEP
StepElement_CurveElementSectionDerivedDefinitions,exchange::step::schema::element,TKDESTEP
StepElement_ElementAspect,exchange::step::schema::element,TKDESTEP
StepElement_ElementAspectMember,exchange::step::schema::element,TKDESTEP
StepElement_ElementDescriptor,exchange::step::schema::element,TKDESTEP
StepElement_ElementMaterial,exchange::step::schema::element,TKDESTEP
StepElement_MeasureOrUnspecifiedValue,exchange::step::schema::element,TKDESTEP
StepElement_MeasureOrUnspecifiedValueMember,exchange::step::schema::element,TKDESTEP
StepElement_Surface3dElementDescriptor,exchange::step::schema::element,TKDESTEP
StepElement_SurfaceElementProperty,exchange::step::schema::element,TKDESTEP
StepElement_SurfaceElementPurpose,exchange::step::schema::element,TKDESTEP
StepElement_SurfaceElementPurposeMember,exchange::step::schema::element,TKDESTEP
StepElement_SurfaceSection,exchange::step::schema::element,TKDESTEP
StepElement_SurfaceSectionField,exchange::step::schema::element,TKDESTEP
StepElement_SurfaceSectionFieldConstant,exchange::step::schema::element,TKDESTEP
StepElement_SurfaceSectionFieldVarying,exchange::step::schema::element,TKDESTEP
StepElement_UniformSurfaceSection,exchange::step::schema::element,TKDESTEP
StepElement_Volume3dElementDescriptor,exchange::step::schema::element,TKDESTEP
StepElement_VolumeElementPurpose,exchange::step::schema::element,TKDESTEP
StepElement_VolumeElementPurposeMember,exchange::step::schema::element,TKDESTEP
StepFEA_AlignedCurve3dElementCoordinateSystem,exchange::step::schema::fea,TKDESTEP
StepFEA_AlignedSurface3dElementCoordinateSystem,exchange::step::schema::fea,TKDESTEP
StepFEA_ArbitraryVolume3dElementCoordinateSystem,exchange::step::schema::fea,TKDESTEP
StepFEA_ConstantSurface3dElementCoordinateSystem,exchange::step::schema::fea,TKDESTEP
StepFEA_Curve3dElementProperty,exchange::step::schema::fea,TKDESTEP
StepFEA_Curve3dElementRepresentation,exchange::step::schema::fea,TKDESTEP
StepFEA_CurveElementEndCoordinateSystem,exchange::step::schema::fea,TKDESTEP
StepFEA_CurveElementEndOffset,exchange::step::schema::fea,TKDESTEP
StepFEA_CurveElementEndRelease,exchange::step::schema::fea,TKDESTEP
StepFEA_CurveElementInterval,exchange::step::schema::fea,TKDESTEP
StepFEA_CurveElementIntervalConstant,exchange::step::schema::fea,TKDESTEP
StepFEA_CurveElementIntervalLinearlyVarying,exchange::step::schema::fea,TKDESTEP
StepFEA_CurveElementLocation,exchange::step::schema::fea,TKDESTEP
StepFEA_DegreeOfFreedom,exchange::step::schema::fea,TKDESTEP
StepFEA_DegreeOfFreedomMember,exchange::step::schema::fea,TKDESTEP
StepFEA_DummyNode,exchange::step::schema::fea,TKDESTEP
StepFEA_ElementGeometricRelationship,exchange::step::schema::fea,TKDESTEP
StepFEA_ElementGroup,exchange::step::schema::fea,TKDESTEP
StepFEA_ElementOrElementGroup,exchange::step::schema::fea,TKDESTEP
StepFEA_ElementRepresentation,exchange::step::schema::fea,TKDESTEP
StepFEA_FeaAreaDensity,exchange::step::schema::fea,TKDESTEP
StepFEA_FeaAxis2Placement3d,exchange::step::schema::fea,TKDESTEP
StepFEA_FeaCurveSectionGeometricRelationship,exchange::step::schema::fea,TKDESTEP
StepFEA_FeaGroup,exchange::step::schema::fea,TKDESTEP
StepFEA_FeaLinearElasticity,exchange::step::schema::fea,TKDESTEP
StepFEA_FeaMassDensity,exchange::step::schema::fea,TKDESTEP
StepFEA_FeaMaterialPropertyRepresentation,exchange::step::schema::fea,TKDESTEP
StepFEA_FeaMaterialPropertyRepresentationItem,exchange::step::schema::fea,TKDESTEP
StepFEA_FeaModel,exchange::step::schema::fea,TKDESTEP
StepFEA_FeaModel3d,exchange::step::schema::fea,TKDESTEP
StepFEA_FeaModelDefinition,exchange::step::schema::fea,TKDESTEP
StepFEA_FeaMoistureAbsorption,exchange::step::schema::fea,TKDESTEP
StepFEA_FeaParametricPoint,exchange::step::schema::fea,TKDESTEP
StepFEA_FeaRepresentationItem,exchange::step::schema::fea,TKDESTEP
StepFEA_FeaSecantCoefficientOfLinearThermalExpansion,exchange::step::schema::fea,TKDESTEP
StepFEA_FeaShellBendingStiffness,exchange::step::schema::fea,TKDESTEP
StepFEA_FeaShellMembraneBendingCouplingStiffness,exchange::step::schema::fea,TKDESTEP
StepFEA_FeaShellMembraneStiffness,exchange::step::schema::fea,TKDESTEP
StepFEA_FeaShellShearStiffness,exchange::step::schema::fea,TKDESTEP
StepFEA_FeaSurfaceSectionGeometricRelationship,exchange::step::schema::fea,TKDESTEP
StepFEA_FeaTangentialCoefficientOfLinearThermalExpansion,exchange::step::schema::fea,TKDESTEP
StepFEA_FreedomAndCoefficient,exchange::step::schema::fea,TKDESTEP
StepFEA_FreedomsList,exchange::step::schema::fea,TKDESTEP
StepFEA_GeometricNode,exchange::step::schema::fea,TKDESTEP
StepFEA_Node,exchange::step::schema::fea,TKDESTEP
StepFEA_NodeDefinition,exchange::step::schema::fea,TKDESTEP
StepFEA_NodeGroup,exchange::step::schema::fea,TKDESTEP
StepFEA_NodeRepresentation,exchange::step::schema::fea,TKDESTEP
StepFEA_NodeSet,exchange::step::schema::fea,TKDESTEP
StepFEA_NodeWithSolutionCoordinateSystem,exchange::step::schema::fea,TKDESTEP
StepFEA_NodeWithVector,exchange::step::schema::fea,TKDESTEP
StepFEA_ParametricCurve3dElementCoordinateDirection,exchange::step::schema::fea,TKDESTEP
StepFEA_ParametricCurve3dElementCoordinateSystem,exchange::step::schema::fea,TKDESTEP
StepFEA_ParametricSurface3dElementCoordinateSystem,exchange::step::schema::fea,TKDESTEP
StepFEA_Surface3dElementRepresentation,exchange::step::schema::fea,TKDESTEP
StepFEA_SymmetricTensor22d,exchange::step::schema::fea,TKDESTEP
StepFEA_SymmetricTensor23d,exchange::step::schema::fea,TKDESTEP
StepFEA_SymmetricTensor23dMember,exchange::step::schema::fea,TKDESTEP
StepFEA_SymmetricTensor42d,exchange::step::schema::fea,TKDESTEP
StepFEA_SymmetricTensor43d,exchange::step::schema::fea,TKDESTEP
StepFEA_SymmetricTensor43dMember,exchange::step::schema::fea,TKDESTEP
StepFEA_Volume3dElementRepresentation,exchange::step::schema::fea,TKDESTEP
StepFile_ReadData,exchange::step::file,TKDESTEP
StepGeom_Axis1Placement,exchange::step::schema::geom,TKDESTEP
StepGeom_Axis2Placement,exchange::step::schema::geom,TKDESTEP
StepGeom_Axis2Placement2d,exchange::step::schema::geom,TKDESTEP
StepGeom_Axis2Placement3d,exchange::step::schema::geom,TKDESTEP
StepGeom_BSplineCurve,exchange::step::schema::geom,TKDESTEP
StepGeom_BSplineCurveWithKnots,exchange::step::schema::geom,TKDESTEP
StepGeom_BSplineCurveWithKnotsAndRationalBSplineCurve,exchange::step::schema::geom,TKDESTEP
StepGeom_BSplineSurface,exchange::step::schema::geom,TKDESTEP
StepGeom_BSplineSurfaceWithKnots,exchange::step::schema::geom,TKDESTEP
StepGeom_BSplineSurfaceWithKnotsAndRationalBSplineSurface,exchange::step::schema::geom,TKDESTEP
StepGeom_BezierCurve,exchange::step::schema::geom,TKDESTEP
StepGeom_BezierCurveAndRationalBSplineCurve,exchange::step::schema::geom,TKDESTEP
StepGeom_BezierSurface,exchange::step::schema::geom,TKDESTEP
StepGeom_BezierSurfaceAndRationalBSplineSurface,exchange::step::schema::geom,TKDESTEP
StepGeom_BoundaryCurve,exchange::step::schema::geom,TKDESTEP
StepGeom_BoundedCurve,exchange::step::schema::geom,TKDESTEP
StepGeom_BoundedSurface,exchange::step::schema::geom,TKDESTEP
StepGeom_CartesianPoint,exchange::step::schema::geom,TKDESTEP
StepGeom_CartesianTransformationOperator,exchange::step::schema::geom,TKDESTEP
StepGeom_CartesianTransformationOperator2d,exchange::step::schema::geom,TKDESTEP
StepGeom_CartesianTransformationOperator3d,exchange::step::schema::geom,TKDESTEP
StepGeom_Circle,exchange::step::schema::geom,TKDESTEP
StepGeom_CompositeCurve,exchange::step::schema::geom,TKDESTEP
StepGeom_CompositeCurveOnSurface,exchange::step::schema::geom,TKDESTEP
StepGeom_CompositeCurveSegment,exchange::step::schema::geom,TKDESTEP
StepGeom_Conic,exchange::step::schema::geom,TKDESTEP
StepGeom_ConicalSurface,exchange::step::schema::geom,TKDESTEP
StepGeom_Curve,exchange::step::schema::geom,TKDESTEP
StepGeom_CurveBoundedSurface,exchange::step::schema::geom,TKDESTEP
StepGeom_CurveOnSurface,exchange::step::schema::geom,TKDESTEP
StepGeom_CurveReplica,exchange::step::schema::geom,TKDESTEP
StepGeom_CylindricalSurface,exchange::step::schema::geom,TKDESTEP
StepGeom_DegeneratePcurve,exchange::step::schema::geom,TKDESTEP
StepGeom_DegenerateToroidalSurface,exchange::step::schema::geom,TKDESTEP
StepGeom_Direction,exchange::step::schema::geom,TKDESTEP
StepGeom_ElementarySurface,exchange::step::schema::geom,TKDESTEP
StepGeom_Ellipse,exchange::step::schema::geom,TKDESTEP
StepGeom_EvaluatedDegeneratePcurve,exchange::step::schema::geom,TKDESTEP
StepGeom_GeomRepContextAndGlobUnitAssCtxAndGlobUncertaintyAssCtx,exchange::step::schema::geom,TKDESTEP
StepGeom_GeometricRepresentationContext,exchange::step::schema::geom,TKDESTEP
StepGeom_GeometricRepresentationContextAndGlobalUnitAssignedContext,exchange::step::schema::geom,TKDESTEP
StepGeom_GeometricRepresentationContextAndParametricRepresentationContext,exchange::step::schema::geom,TKDESTEP
StepGeom_GeometricRepresentationItem,exchange::step::schema::geom,TKDESTEP
StepGeom_Hyperbola,exchange::step::schema::geom,TKDESTEP
StepGeom_IntersectionCurve,exchange::step::schema::geom,TKDESTEP
StepGeom_Line,exchange::step::schema::geom,TKDESTEP
StepGeom_OffsetCurve3d,exchange::step::schema::geom,TKDESTEP
StepGeom_OffsetSurface,exchange::step::schema::geom,TKDESTEP
StepGeom_OrientedSurface,exchange::step::schema::geom,TKDESTEP
StepGeom_OuterBoundaryCurve,exchange::step::schema::geom,TKDESTEP
StepGeom_Parabola,exchange::step::schema::geom,TKDESTEP
StepGeom_Pcurve,exchange::step::schema::geom,TKDESTEP
StepGeom_PcurveOrSurface,exchange::step::schema::geom,TKDESTEP
StepGeom_Placement,exchange::step::schema::geom,TKDESTEP
StepGeom_Plane,exchange::step::schema::geom,TKDESTEP
StepGeom_Point,exchange::step::schema::geom,TKDESTEP
StepGeom_PointOnCurve,exchange::step::schema::geom,TKDESTEP
StepGeom_PointOnSurface,exchange::step::schema::geom,TKDESTEP
StepGeom_PointReplica,exchange::step::schema::geom,TKDESTEP
StepGeom_Polyline,exchange::step::schema::geom,TKDESTEP
StepGeom_QuasiUniformCurve,exchange::step::schema::geom,TKDESTEP
StepGeom_QuasiUniformCurveAndRationalBSplineCurve,exchange::step::schema::geom,TKDESTEP
StepGeom_QuasiUniformSurface,exchange::step::schema::geom,TKDESTEP
StepGeom_QuasiUniformSurfaceAndRationalBSplineSurface,exchange::step::schema::geom,TKDESTEP
StepGeom_RationalBSplineCurve,exchange::step::schema::geom,TKDESTEP
StepGeom_RationalBSplineSurface,exchange::step::schema::geom,TKDESTEP
StepGeom_RectangularCompositeSurface,exchange::step::schema::geom,TKDESTEP
StepGeom_RectangularTrimmedSurface,exchange::step::schema::geom,TKDESTEP
StepGeom_ReparametrisedCompositeCurveSegment,exchange::step::schema::geom,TKDESTEP
StepGeom_SeamCurve,exchange::step::schema::geom,TKDESTEP
StepGeom_SphericalSurface,exchange::step::schema::geom,TKDESTEP
StepGeom_SuParameters,exchange::step::schema::geom,TKDESTEP
StepGeom_Surface,exchange::step::schema::geom,TKDESTEP
StepGeom_SurfaceBoundary,exchange::step::schema::geom,TKDESTEP
StepGeom_SurfaceCurve,exchange::step::schema::geom,TKDESTEP
StepGeom_SurfaceCurveAndBoundedCurve,exchange::step::schema::geom,TKDESTEP
StepGeom_SurfaceOfLinearExtrusion,exchange::step::schema::geom,TKDESTEP
StepGeom_SurfaceOfRevolution,exchange::step::schema::geom,TKDESTEP
StepGeom_SurfacePatch,exchange::step::schema::geom,TKDESTEP
StepGeom_SurfaceReplica,exchange::step::schema::geom,TKDESTEP
StepGeom_SweptSurface,exchange::step::schema::geom,TKDESTEP
StepGeom_ToroidalSurface,exchange::step::schema::geom,TKDESTEP
StepGeom_TrimmedCurve,exchange::step::schema::geom,TKDESTEP
StepGeom_TrimmingMember,exchange::step::schema::geom,TKDESTEP
StepGeom_TrimmingSelect,exchange::step::schema::geom,TKDESTEP
StepGeom_UniformCurve,exchange::step::schema::geom,TKDESTEP
StepGeom_UniformCurveAndRationalBSplineCurve,exchange::step::schema::geom,TKDESTEP
StepGeom_UniformSurface,exchange::step::schema::geom,TKDESTEP
StepGeom_UniformSurfaceAndRationalBSplineSurface,exchange::step::schema::geom,TKDESTEP
StepGeom_Vector,exchange::step::schema::geom,TKDESTEP
StepGeom_VectorOrDirection,exchange::step::schema::geom,TKDESTEP
StepKinematics_ActuatedKinPairAndOrderKinPair,exchange::step::schema::kinematics,TKDESTEP
StepKinematics_ActuatedKinematicPair,exchange::step::schema::kinematics,TKDESTEP
StepKinematics_ContextDependentKinematicLinkRepresentation,exchange::step::schema::kinematics,TKDESTEP
StepKinematics_CylindricalPair,exchange::step::schema::kinematics,TKDESTEP
StepKinematics_CylindricalPairValue,exchange::step::schema::kinematics,TKDESTEP
StepKinematics_CylindricalPairWithRange,exchange::step::schema::kinematics,TKDESTEP
StepKinematics_FullyConstrainedPair,exchange::step::schema::kinematics,TKDESTEP
StepKinematics_GearPair,exchange::step::schema::kinematics,TKDESTEP
StepKinematics_GearPairValue,exchange::step::schema::kinematics,TKDESTEP
StepKinematics_GearPairWithRange,exchange::step::schema::kinematics,TKDESTEP
StepKinematics_HighOrderKinematicPair,exchange::step::schema::kinematics,TKDESTEP
StepKinematics_HomokineticPair,exchange::step::schema::kinematics,TKDESTEP
StepKinematics_KinematicJoint,exchange::step::schema::kinematics,TKDESTEP
StepKinematics_KinematicLink,exchange::step::schema::kinematics,TKDESTEP
StepKinematics_KinematicLinkRepresentation,exchange::step::schema::kinematics,TKDESTEP
StepKinematics_KinematicLinkRepresentationAssociation,exchange::step::schema::kinematics,TKDESTEP
StepKinematics_KinematicPair,exchange::step::schema::kinematics,TKDESTEP
StepKinematics_KinematicPropertyDefinitionRepresentation,exchange::step::schema::kinematics,TKDESTEP
StepKinematics_KinematicPropertyMechanismRepresentation,exchange::step::schema::kinematics,TKDESTEP
StepKinematics_KinematicTopologyDirectedStructure,exchange::step::schema::kinematics,TKDESTEP
StepKinematics_KinematicTopologyNetworkStructure,exchange::step::schema::kinematics,TKDESTEP
StepKinematics_KinematicTopologyRepresentationSelect,exchange::step::schema::kinematics,TKDESTEP
StepKinematics_KinematicTopologyStructure,exchange::step::schema::kinematics,TKDESTEP
StepKinematics_LinearFlexibleAndPinionPair,exchange::step::schema::kinematics,TKDESTEP
StepKinematics_LinearFlexibleAndPlanarCurvePair,exchange::step::schema::kinematics,TKDESTEP
StepKinematics_LinearFlexibleLinkRepresentation,exchange::step::schema::kinematics,TKDESTEP
StepKinematics_LowOrderKinematicPair,exchange::step::schema::kinematics,TKDESTEP
StepKinematics_LowOrderKinematicPairValue,exchange::step::schema::kinematics,TKDESTEP
StepKinematics_LowOrderKinematicPairWithMotionCoupling,exchange::step::schema::kinematics,TKDESTEP
StepKinematics_LowOrderKinematicPairWithRange,exchange::step::schema::kinematics,TKDESTEP
StepKinematics_MechanismRepresentation,exchange::step::schema::kinematics,TKDESTEP
StepKinematics_MechanismStateRepresentation,exchange::step::schema::kinematics,TKDESTEP
StepKinematics_OrientedJoint,exchange::step::schema::kinematics,TKDESTEP
StepKinematics_PairRepresentationRelationship,exchange::step::schema::kinematics,TKDESTEP
StepKinematics_PairValue,exchange::step::schema::kinematics,TKDESTEP
StepKinematics_PlanarCurvePair,exchange::step::schema::kinematics,TKDESTEP
StepKinematics_PlanarCurvePairRange,exchange::step::schema::kinematics,TKDESTEP
StepKinematics_PlanarPair,exchange::step::schema::kinematics,TKDESTEP
StepKinematics_PlanarPairValue,exchange::step::schema::kinematics,TKDESTEP
StepKinematics_PlanarPairWithRange,exchange::step::schema::kinematics,TKDESTEP
StepKinematics_PointOnPlanarCurvePair,exchange::step::schema::kinematics,TKDESTEP
StepKinematics_PointOnPlanarCurvePairValue,exchange::step::schema::kinematics,TKDESTEP
StepKinematics_PointOnPlanarCurvePairWithRange,exchange::step::schema::kinematics,TKDESTEP
StepKinematics_PointOnSurfacePair,exchange::step::schema::kinematics,TKDESTEP
StepKinematics_PointOnSurfacePairValue,exchange::step::schema::kinematics,TKDESTEP
StepKinematics_PointOnSurfacePairWithRange,exchange::step::schema::kinematics,TKDESTEP
StepKinematics_PrismaticPair,exchange::step::schema::kinematics,TKDESTEP
StepKinematics_PrismaticPairValue,exchange::step::schema::kinematics,TKDESTEP
StepKinematics_PrismaticPairWithRange,exchange::step::schema::kinematics,TKDESTEP
StepKinematics_ProductDefinitionKinematics,exchange::step::schema::kinematics,TKDESTEP
StepKinematics_ProductDefinitionRelationshipKinematics,exchange::step::schema::kinematics,TKDESTEP
StepKinematics_RackAndPinionPair,exchange::step::schema::kinematics,TKDESTEP
StepKinematics_RackAndPinionPairValue,exchange::step::schema::kinematics,TKDESTEP
StepKinematics_RackAndPinionPairWithRange,exchange::step::schema::kinematics,TKDESTEP
StepKinematics_RevolutePair,exchange::step::schema::kinematics,TKDESTEP
StepKinematics_RevolutePairValue,exchange::step::schema::kinematics,TKDESTEP
StepKinematics_RevolutePairWithRange,exchange::step::schema::kinematics,TKDESTEP
StepKinematics_RigidLinkRepresentation,exchange::step::schema::kinematics,TKDESTEP
StepKinematics_RigidPlacement,exchange::step::schema::kinematics,TKDESTEP
StepKinematics_RollingCurvePair,exchange::step::schema::kinematics,TKDESTEP
StepKinematics_RollingCurvePairValue,exchange::step::schema::kinematics,TKDESTEP
StepKinematics_RollingSurfacePair,exchange::step::schema::kinematics,TKDESTEP
StepKinematics_RollingSurfacePairValue,exchange::step::schema::kinematics,TKDESTEP
StepKinematics_RotationAboutDirection,exchange::step::schema::kinematics,TKDESTEP
StepKinematics_ScrewPair,exchange::step::schema::kinematics,TKDESTEP
StepKinematics_ScrewPairValue,exchange::step::schema::kinematics,TKDESTEP
StepKinematics_ScrewPairWithRange,exchange::step::schema::kinematics,TKDESTEP
StepKinematics_SlidingCurvePair,exchange::step::schema::kinematics,TKDESTEP
StepKinematics_SlidingCurvePairValue,exchange::step::schema::kinematics,TKDESTEP
StepKinematics_SlidingSurfacePair,exchange::step::schema::kinematics,TKDESTEP
StepKinematics_SlidingSurfacePairValue,exchange::step::schema::kinematics,TKDESTEP
StepKinematics_SpatialRotation,exchange::step::schema::kinematics,TKDESTEP
StepKinematics_SphericalPair,exchange::step::schema::kinematics,TKDESTEP
StepKinematics_SphericalPairSelect,exchange::step::schema::kinematics,TKDESTEP
StepKinematics_SphericalPairValue,exchange::step::schema::kinematics,TKDESTEP
StepKinematics_SphericalPairWithPin,exchange::step::schema::kinematics,TKDESTEP
StepKinematics_SphericalPairWithPinAndRange,exchange::step::schema::kinematics,TKDESTEP
StepKinematics_SphericalPairWithRange,exchange::step::schema::kinematics,TKDESTEP
StepKinematics_SurfacePair,exchange::step::schema::kinematics,TKDESTEP
StepKinematics_SurfacePairWithRange,exchange::step::schema::kinematics,TKDESTEP
StepKinematics_UnconstrainedPair,exchange::step::schema::kinematics,TKDESTEP
StepKinematics_UnconstrainedPairValue,exchange::step::schema::kinematics,TKDESTEP
StepKinematics_UniversalPair,exchange::step::schema::kinematics,TKDESTEP
StepKinematics_UniversalPairValue,exchange::step::schema::kinematics,TKDESTEP
StepKinematics_UniversalPairWithRange,exchange::step::schema::kinematics,TKDESTEP
StepRepr_AllAroundShapeAspect,exchange::step::schema::repr,TKDESTEP
StepRepr_Apex,exchange::step::schema::repr,TKDESTEP
StepRepr_AssemblyComponentUsage,exchange::step::schema::repr,TKDESTEP
StepRepr_AssemblyComponentUsageSubstitute,exchange::step::schema::repr,TKDESTEP
StepRepr_BetweenShapeAspect,exchange::step::schema::repr,TKDESTEP
StepRepr_BooleanRepresentationItem,exchange::step::schema::repr,TKDESTEP
StepRepr_CentreOfSymmetry,exchange::step::schema::repr,TKDESTEP
StepRepr_CharacterizedDefinition,exchange::step::schema::repr,TKDESTEP
StepRepr_CharacterizedRepresentation,exchange::step::schema::repr,TKDESTEP
StepRepr_CompGroupShAspAndCompShAspAndDatumFeatAndShAsp,exchange::step::schema::repr,TKDESTEP
StepRepr_CompShAspAndDatumFeatAndShAsp,exchange::step::schema::repr,TKDESTEP
StepRepr_CompositeGroupShapeAspect,exchange::step::schema::repr,TKDESTEP
StepRepr_CompositeShapeAspect,exchange::step::schema::repr,TKDESTEP
StepRepr_CompoundRepresentationItem,exchange::step::schema::repr,TKDESTEP
StepRepr_ConfigurationDesign,exchange::step::schema::repr,TKDESTEP
StepRepr_ConfigurationDesignItem,exchange::step::schema::repr,TKDESTEP
StepRepr_ConfigurationEffectivity,exchange::step::schema::repr,TKDESTEP
StepRepr_ConfigurationItem,exchange::step::schema::repr,TKDESTEP
StepRepr_ConstructiveGeometryRepresentation,exchange::step::schema::repr,TKDESTEP
StepRepr_ConstructiveGeometryRepresentationRelationship,exchange::step::schema::repr,TKDESTEP
StepRepr_ContinuosShapeAspect,exchange::step::schema::repr,TKDESTEP
StepRepr_DataEnvironment,exchange::step::schema::repr,TKDESTEP
StepRepr_DefinitionalRepresentation,exchange::step::schema::repr,TKDESTEP
StepRepr_DerivedShapeAspect,exchange::step::schema::repr,TKDESTEP
StepRepr_DescriptiveRepresentationItem,exchange::step::schema::repr,TKDESTEP
StepRepr_Extension,exchange::step::schema::repr,TKDESTEP
StepRepr_ExternallyDefinedRepresentation,exchange::step::schema::repr,TKDESTEP
StepRepr_FeatureForDatumTargetRelationship,exchange::step::schema::repr,TKDESTEP
StepRepr_FunctionallyDefinedTransformation,exchange::step::schema::repr,TKDESTEP
StepRepr_GeometricAlignment,exchange::step::schema::repr,TKDESTEP
StepRepr_GlobalUncertaintyAssignedContext,exchange::step::schema::repr,TKDESTEP
StepRepr_GlobalUnitAssignedContext,exchange::step::schema::repr,TKDESTEP
StepRepr_IntegerRepresentationItem,exchange::step::schema::repr,TKDESTEP
StepRepr_ItemDefinedTransformation,exchange::step::schema::repr,TKDESTEP
StepRepr_MakeFromUsageOption,exchange::step::schema::repr,TKDESTEP
StepRepr_MappedItem,exchange::step::schema::repr,TKDESTEP
StepRepr_MaterialDesignation,exchange::step::schema::repr,TKDESTEP
StepRepr_MaterialProperty,exchange::step::schema::repr,TKDESTEP
StepRepr_MaterialPropertyRepresentation,exchange::step::schema::repr,TKDESTEP
StepRepr_MeasureRepresentationItem,exchange::step::schema::repr,TKDESTEP
StepRepr_MechanicalDesignAndDraughtingRelationship,exchange::step::schema::repr,TKDESTEP
StepRepr_NextAssemblyUsageOccurrence,exchange::step::schema::repr,TKDESTEP
StepRepr_ParallelOffset,exchange::step::schema::repr,TKDESTEP
StepRepr_ParametricRepresentationContext,exchange::step::schema::repr,TKDESTEP
StepRepr_PerpendicularTo,exchange::step::schema::repr,TKDESTEP
StepRepr_ProductConcept,exchange::step::schema::repr,TKDESTEP
StepRepr_ProductDefinitionShape,exchange::step::schema::repr,TKDESTEP
StepRepr_ProductDefinitionUsage,exchange::step::schema::repr,TKDESTEP
StepRepr_PromissoryUsageOccurrence,exchange::step::schema::repr,TKDESTEP
StepRepr_PropertyDefinition,exchange::step::schema::repr,TKDESTEP
StepRepr_PropertyDefinitionRelationship,exchange::step::schema::repr,TKDESTEP
StepRepr_PropertyDefinitionRepresentation,exchange::step::schema::repr,TKDESTEP
StepRepr_QuantifiedAssemblyComponentUsage,exchange::step::schema::repr,TKDESTEP
StepRepr_RealRepresentationItem,exchange::step::schema::repr,TKDESTEP
StepRepr_ReprItemAndLengthMeasureWithUnit,exchange::step::schema::repr,TKDESTEP
StepRepr_ReprItemAndLengthMeasureWithUnitAndQRI,exchange::step::schema::repr,TKDESTEP
StepRepr_ReprItemAndMeasureWithUnit,exchange::step::schema::repr,TKDESTEP
StepRepr_ReprItemAndMeasureWithUnitAndQRI,exchange::step::schema::repr,TKDESTEP
StepRepr_ReprItemAndPlaneAngleMeasureWithUnit,exchange::step::schema::repr,TKDESTEP
StepRepr_ReprItemAndPlaneAngleMeasureWithUnitAndQRI,exchange::step::schema::repr,TKDESTEP
StepRepr_Representation,exchange::step::schema::repr,TKDESTEP
StepRepr_RepresentationContext,exchange::step::schema::repr,TKDESTEP
StepRepr_RepresentationContextReference,exchange::step::schema::repr,TKDESTEP
StepRepr_RepresentationItem,exchange::step::schema::repr,TKDESTEP
StepRepr_RepresentationMap,exchange::step::schema::repr,TKDESTEP
StepRepr_RepresentationOrRepresentationReference,exchange::step::schema::repr,TKDESTEP
StepRepr_RepresentationReference,exchange::step::schema::repr,TKDESTEP
StepRepr_RepresentationRelationship,exchange::step::schema::repr,TKDESTEP
StepRepr_RepresentationRelationshipWithTransformation,exchange::step::schema::repr,TKDESTEP
StepRepr_RepresentedDefinition,exchange::step::schema::repr,TKDESTEP
StepRepr_ShapeAspect,exchange::step::schema::repr,TKDESTEP
StepRepr_ShapeAspectDerivingRelationship,exchange::step::schema::repr,TKDESTEP
StepRepr_ShapeAspectRelationship,exchange::step::schema::repr,TKDESTEP
StepRepr_ShapeAspectTransition,exchange::step::schema::repr,TKDESTEP
StepRepr_ShapeDefinition,exchange::step::schema::repr,TKDESTEP
StepRepr_ShapeRepresentationRelationship,exchange::step::schema::repr,TKDESTEP
StepRepr_ShapeRepresentationRelationshipWithTransformation,exchange::step::schema::repr,TKDESTEP
StepRepr_SpecifiedHigherUsageOccurrence,exchange::step::schema::repr,TKDESTEP
StepRepr_StructuralResponseProperty,exchange::step::schema::repr,TKDESTEP
StepRepr_StructuralResponsePropertyDefinitionRepresentation,exchange::step::schema::repr,TKDESTEP
StepRepr_SuppliedPartRelationship,exchange::step::schema::repr,TKDESTEP
StepRepr_Tangent,exchange::step::schema::repr,TKDESTEP
StepRepr_Transformation,exchange::step::schema::repr,TKDESTEP
StepRepr_ValueRange,exchange::step::schema::repr,TKDESTEP
StepRepr_ValueRepresentationItem,exchange::step::schema::repr,TKDESTEP
StepSelect_Activator,exchange::step::select,TKDESTEP
StepSelect_FileModifier,exchange::step::select,TKDESTEP
StepSelect_FloatFormat,exchange::step::select,TKDESTEP
StepSelect_ModelModifier,exchange::step::select,TKDESTEP
StepSelect_StepType,exchange::step::select,TKDESTEP
StepSelect_WorkLibrary,exchange::step::select,TKDESTEP
StepShape_AdvancedBrepShapeRepresentation,exchange::step::schema::shape,TKDESTEP
StepShape_AdvancedFace,exchange::step::schema::shape,TKDESTEP
StepShape_AngularLocation,exchange::step::schema::shape,TKDESTEP
StepShape_AngularSize,exchange::step::schema::shape,TKDESTEP
StepShape_Block,exchange::step::schema::shape,TKDESTEP
StepShape_BooleanOperand,exchange::step::schema::shape,TKDESTEP
StepShape_BooleanResult,exchange::step::schema::shape,TKDESTEP
StepShape_BoxDomain,exchange::step::schema::shape,TKDESTEP
StepShape_BoxedHalfSpace,exchange::step::schema::shape,TKDESTEP
StepShape_BrepWithVoids,exchange::step::schema::shape,TKDESTEP
StepShape_ClosedShell,exchange::step::schema::shape,TKDESTEP
StepShape_CompoundShapeRepresentation,exchange::step::schema::shape,TKDESTEP
StepShape_ConnectedEdgeSet,exchange::step::schema::shape,TKDESTEP
StepShape_ConnectedFaceSet,exchange::step::schema::shape,TKDESTEP
StepShape_ConnectedFaceShapeRepresentation,exchange::step::schema::shape,TKDESTEP
StepShape_ConnectedFaceSubSet,exchange::step::schema::shape,TKDESTEP
StepShape_ContextDependentShapeRepresentation,exchange::step::schema::shape,TKDESTEP
StepShape_CsgPrimitive,exchange::step::schema::shape,TKDESTEP
StepShape_CsgSelect,exchange::step::schema::shape,TKDESTEP
StepShape_CsgShapeRepresentation,exchange::step::schema::shape,TKDESTEP
StepShape_CsgSolid,exchange::step::schema::shape,TKDESTEP
StepShape_DefinitionalRepresentationAndShapeRepresentation,exchange::step::schema::shape,TKDESTEP
StepShape_DimensionalCharacteristic,exchange::step::schema::shape,TKDESTEP
StepShape_DimensionalCharacteristicRepresentation,exchange::step::schema::shape,TKDESTEP
StepShape_DimensionalLocation,exchange::step::schema::shape,TKDESTEP
StepShape_DimensionalLocationWithPath,exchange::step::schema::shape,TKDESTEP
StepShape_DimensionalSize,exchange::step::schema::shape,TKDESTEP
StepShape_DimensionalSizeWithPath,exchange::step::schema::shape,TKDESTEP
StepShape_DirectedDimensionalLocation,exchange::step::schema::shape,TKDESTEP
StepShape_Edge,exchange::step::schema::shape,TKDESTEP
StepShape_EdgeBasedWireframeModel,exchange::step::schema::shape,TKDESTEP
StepShape_EdgeBasedWireframeShapeRepresentation,exchange::step::schema::shape,TKDESTEP
StepShape_EdgeCurve,exchange::step::schema::shape,TKDESTEP
StepShape_EdgeLoop,exchange::step::schema::shape,TKDESTEP
StepShape_ExtrudedAreaSolid,exchange::step::schema::shape,TKDESTEP
StepShape_ExtrudedFaceSolid,exchange::step::schema::shape,TKDESTEP
StepShape_Face,exchange::step::schema::shape,TKDESTEP
StepShape_FaceBasedSurfaceModel,exchange::step::schema::shape,TKDESTEP
StepShape_FaceBound,exchange::step::schema::shape,TKDESTEP
StepShape_FaceOuterBound,exchange::step::schema::shape,TKDESTEP
StepShape_FaceSurface,exchange::step::schema::shape,TKDESTEP
StepShape_FacetedBrep,exchange::step::schema::shape,TKDESTEP
StepShape_FacetedBrepAndBrepWithVoids,exchange::step::schema::shape,TKDESTEP
StepShape_FacetedBrepShapeRepresentation,exchange::step::schema::shape,TKDESTEP
StepShape_GeometricCurveSet,exchange::step::schema::shape,TKDESTEP
StepShape_GeometricSet,exchange::step::schema::shape,TKDESTEP
StepShape_GeometricSetSelect,exchange::step::schema::shape,TKDESTEP
StepShape_GeometricallyBoundedSurfaceShapeRepresentation,exchange::step::schema::shape,TKDESTEP
StepShape_GeometricallyBoundedWireframeShapeRepresentation,exchange::step::schema::shape,TKDESTEP
StepShape_HalfSpaceSolid,exchange::step::schema::shape,TKDESTEP
StepShape_LimitsAndFits,exchange::step::schema::shape,TKDESTEP
StepShape_Loop,exchange::step::schema::shape,TKDESTEP
StepShape_LoopAndPath,exchange::step::schema::shape,TKDESTEP
StepShape_ManifoldSolidBrep,exchange::step::schema::shape,TKDESTEP
StepShape_ManifoldSurfaceShapeRepresentation,exchange::step::schema::shape,TKDESTEP
StepShape_MeasureQualification,exchange::step::schema::shape,TKDESTEP
StepShape_MeasureRepresentationItemAndQualifiedRepresentationItem,exchange::step::schema::shape,TKDESTEP
StepShape_NonManifoldSurfaceShapeRepresentation,exchange::step::schema::shape,TKDESTEP
StepShape_OpenShell,exchange::step::schema::shape,TKDESTEP
StepShape_OrientedClosedShell,exchange::step::schema::shape,TKDESTEP
StepShape_OrientedEdge,exchange::step::schema::shape,TKDESTEP
StepShape_OrientedFace,exchange::step::schema::shape,TKDESTEP
StepShape_OrientedOpenShell,exchange::step::schema::shape,TKDESTEP
StepShape_OrientedPath,exchange::step::schema::shape,TKDESTEP
StepShape_Path,exchange::step::schema::shape,TKDESTEP
StepShape_PlusMinusTolerance,exchange::step::schema::shape,TKDESTEP
StepShape_PointRepresentation,exchange::step::schema::shape,TKDESTEP
StepShape_PolyLoop,exchange::step::schema::shape,TKDESTEP
StepShape_PrecisionQualifier,exchange::step::schema::shape,TKDESTEP
StepShape_QualifiedRepresentationItem,exchange::step::schema::shape,TKDESTEP
StepShape_ReversibleTopologyItem,exchange::step::schema::shape,TKDESTEP
StepShape_RevolvedAreaSolid,exchange::step::schema::shape,TKDESTEP
StepShape_RevolvedFaceSolid,exchange::step::schema::shape,TKDESTEP
StepShape_RightAngularWedge,exchange::step::schema::shape,TKDESTEP
StepShape_RightCircularCone,exchange::step::schema::shape,TKDESTEP
StepShape_RightCircularCylinder,exchange::step::schema::shape,TKDESTEP
StepShape_SeamEdge,exchange::step::schema::shape,TKDESTEP
StepShape_ShapeDefinitionRepresentation,exchange::step::schema::shape,TKDESTEP
StepShape_ShapeDimensionRepresentation,exchange::step::schema::shape,TKDESTEP
StepShape_ShapeDimensionRepresentationItem,exchange::step::schema::shape,TKDESTEP
StepShape_ShapeRepresentation,exchange::step::schema::shape,TKDESTEP
StepShape_ShapeRepresentationWithParameters,exchange::step::schema::shape,TKDESTEP
StepShape_Shell,exchange::step::schema::shape,TKDESTEP
StepShape_ShellBasedSurfaceModel,exchange::step::schema::shape,TKDESTEP
StepShape_SolidModel,exchange::step::schema::shape,TKDESTEP
StepShape_SolidReplica,exchange::step::schema::shape,TKDESTEP
StepShape_Sphere,exchange::step::schema::shape,TKDESTEP
StepShape_Subedge,exchange::step::schema::shape,TKDESTEP
StepShape_Subface,exchange::step::schema::shape,TKDESTEP
StepShape_SurfaceModel,exchange::step::schema::shape,TKDESTEP
StepShape_SweptAreaSolid,exchange::step::schema::shape,TKDESTEP
StepShape_SweptFaceSolid,exchange::step::schema::shape,TKDESTEP
StepShape_ToleranceMethodDefinition,exchange::step::schema::shape,TKDESTEP
StepShape_ToleranceValue,exchange::step::schema::shape,TKDESTEP
StepShape_TopologicalRepresentationItem,exchange::step::schema::shape,TKDESTEP
StepShape_Torus,exchange::step::schema::shape,TKDESTEP
StepShape_TransitionalShapeRepresentation,exchange::step::schema::shape,TKDESTEP
StepShape_TypeQualifier,exchange::step::schema::shape,TKDESTEP
StepShape_ValueFormatTypeQualifier,exchange::step::schema::shape,TKDESTEP
StepShape_ValueQualifier,exchange::step::schema::shape,TKDESTEP
StepShape_Vertex,exchange::step::schema::shape,TKDESTEP
StepShape_VertexLoop,exchange::step::schema::shape,TKDESTEP
StepShape_VertexPoint,exchange::step::schema::shape,TKDESTEP
StepTidy_DuplicateCleaner,exchange::step::utils,TKDESTEP
StepToGeom,exchange::step::convert::geometry,TKDESTEP
StepToTopoDS,exchange::step::convert::topology,TKDESTEP
StepToTopoDS_Builder,exchange::step::convert::topology,TKDESTEP
StepToTopoDS_GeometricTool,exchange::step::convert::topology,TKDESTEP
StepToTopoDS_MakeTransformed,exchange::step::convert::topology,TKDESTEP
StepToTopoDS_NMTool,exchange::step::convert::topology,TKDESTEP
StepToTopoDS_PointPair,exchange::step::convert::topology,TKDESTEP
StepToTopoDS_Root,exchange::step::convert::topology,TKDESTEP
StepToTopoDS_Tool,exchange::step::convert::topology,TKDESTEP
StepToTopoDS_TranslateCompositeCurve,exchange::step::convert::topology,TKDESTEP
StepToTopoDS_TranslateCurveBoundedSurface,exchange::step::convert::topology,TKDESTEP
StepToTopoDS_TranslateEdge,exchange::step::convert::topology,TKDESTEP
StepToTopoDS_TranslateEdgeLoop,exchange::step::convert::topology,TKDESTEP
StepToTopoDS_TranslateFace,exchange::step::convert::topology,TKDESTEP
StepToTopoDS_TranslatePolyLoop,exchange::step::convert::topology,TKDESTEP
StepToTopoDS_TranslateShell,exchange::step::convert::topology,TKDESTEP
StepToTopoDS_TranslateSolid,exchange::step::convert::topology,TKDESTEP
StepToTopoDS_TranslateVertex,exchange::step::convert::topology,TKDESTEP
StepToTopoDS_TranslateVertexLoop,exchange::step::convert::topology,TKDESTEP
StepVisual_AnnotationCurveOccurrence,exchange::step::schema::visual,TKDESTEP
StepVisual_AnnotationCurveOccurrenceAndGeomReprItem,exchange::step::schema::visual,TKDESTEP
StepVisual_AnnotationFillArea,exchange::step::schema::visual,TKDESTEP
StepVisual_AnnotationFillAreaOccurrence,exchange::step::schema::visual,TKDESTEP
StepVisual_AnnotationOccurrence,exchange::step::schema::visual,TKDESTEP
StepVisual_AnnotationPlane,exchange::step::schema::visual,TKDESTEP
StepVisual_AnnotationPlaneElement,exchange::step::schema::visual,TKDESTEP
StepVisual_AnnotationText,exchange::step::schema::visual,TKDESTEP
StepVisual_AnnotationTextOccurrence,exchange::step::schema::visual,TKDESTEP
StepVisual_AreaInSet,exchange::step::schema::visual,TKDESTEP
StepVisual_AreaOrView,exchange::step::schema::visual,TKDESTEP
StepVisual_BackgroundColour,exchange::step::schema::visual,TKDESTEP
StepVisual_BoxCharacteristicSelect,exchange::step::schema::visual,TKDESTEP
StepVisual_CameraImage,exchange::step::schema::visual,TKDESTEP
StepVisual_CameraImage2dWithScale,exchange::step::schema::visual,TKDESTEP
StepVisual_CameraImage3dWithScale,exchange::step::schema::visual,TKDESTEP
StepVisual_CameraModel,exchange::step::schema::visual,TKDESTEP
StepVisual_CameraModelD2,exchange::step::schema::visual,TKDESTEP
StepVisual_CameraModelD3,exchange::step::schema::visual,TKDESTEP
StepVisual_CameraModelD3MultiClipping,exchange::step::schema::visual,TKDESTEP
StepVisual_CameraModelD3MultiClippingInterectionSelect,exchange::step::schema::visual,TKDESTEP
StepVisual_CameraModelD3MultiClippingIntersection,exchange::step::schema::visual,TKDESTEP
StepVisual_CameraModelD3MultiClippingUnion,exchange::step::schema::visual,TKDESTEP
StepVisual_CameraModelD3MultiClippingUnionSelect,exchange::step::schema::visual,TKDESTEP
StepVisual_CameraUsage,exchange::step::schema::visual,TKDESTEP
StepVisual_CharacterizedObjAndRepresentationAndDraughtingModel,exchange::step::schema::visual,TKDESTEP
StepVisual_Colour,exchange::step::schema::visual,TKDESTEP
StepVisual_ColourRgb,exchange::step::schema::visual,TKDESTEP
StepVisual_ColourSpecification,exchange::step::schema::visual,TKDESTEP
StepVisual_ComplexTriangulatedFace,exchange::step::schema::visual,TKDESTEP
StepVisual_ComplexTriangulatedSurfaceSet,exchange::step::schema::visual,TKDESTEP
StepVisual_CompositeText,exchange::step::schema::visual,TKDESTEP
StepVisual_CompositeTextWithExtent,exchange::step::schema::visual,TKDESTEP
StepVisual_ContextDependentInvisibility,exchange::step::schema::visual,TKDESTEP
StepVisual_ContextDependentOverRidingStyledItem,exchange::step::schema::visual,TKDESTEP
StepVisual_CoordinatesList,exchange::step::schema::visual,TKDESTEP
StepVisual_CubicBezierTessellatedEdge,exchange::step::schema::visual,TKDESTEP
StepVisual_CubicBezierTriangulatedFace,exchange::step::schema::visual,TKDESTEP
StepVisual_CurveStyle,exchange::step::schema::visual,TKDESTEP
StepVisual_CurveStyleFont,exchange::step::schema::visual,TKDESTEP
StepVisual_CurveStyleFontPattern,exchange::step::schema::visual,TKDESTEP
StepVisual_CurveStyleFontSelect,exchange::step::schema::visual,TKDESTEP
StepVisual_DirectionCountSelect,exchange::step::schema::visual,TKDESTEP
StepVisual_DraughtingAnnotationOccurrence,exchange::step::schema::visual,TKDESTEP
StepVisual_DraughtingCallout,exchange::step::schema::visual,TKDESTEP
StepVisual_DraughtingCalloutElement,exchange::step::schema::visual,TKDESTEP
StepVisual_DraughtingModel,exchange::step::schema::visual,TKDESTEP
StepVisual_DraughtingPreDefinedColour,exchange::step::schema::visual,TKDESTEP
StepVisual_DraughtingPreDefinedCurveFont,exchange::step::schema::visual,TKDESTEP
StepVisual_EdgeOrCurve,exchange::step::schema::visual,TKDESTEP
StepVisual_ExternallyDefinedCurveFont,exchange::step::schema::visual,TKDESTEP
StepVisual_ExternallyDefinedTextFont,exchange::step::schema::visual,TKDESTEP
StepVisual_FaceOrSurface,exchange::step::schema::visual,TKDESTEP
StepVisual_FillAreaStyle,exchange::step::schema::visual,TKDESTEP
StepVisual_FillAreaStyleColour,exchange::step::schema::visual,TKDESTEP
StepVisual_FillStyleSelect,exchange::step::schema::visual,TKDESTEP
StepVisual_FontSelect,exchange::step::schema::visual,TKDESTEP
StepVisual_Invisibility,exchange::step::schema::visual,TKDESTEP
StepVisual_InvisibilityContext,exchange::step::schema::visual,TKDESTEP
StepVisual_InvisibleItem,exchange::step::schema::visual,TKDESTEP
StepVisual_LayeredItem,exchange::step::schema::visual,TKDESTEP
StepVisual_MarkerMember,exchange::step::schema::visual,TKDESTEP
StepVisual_MarkerSelect,exchange::step::schema::visual,TKDESTEP
StepVisual_MechanicalDesignGeometricPresentationArea,exchange::step::schema::visual,TKDESTEP
StepVisual_MechanicalDesignGeometricPresentationRepresentation,exchange::step::schema::visual,TKDESTEP
StepVisual_NullStyleMember,exchange::step::schema::visual,TKDESTEP
StepVisual_OverRidingStyledItem,exchange::step::schema::visual,TKDESTEP
StepVisual_PathOrCompositeCurve,exchange::step::schema::visual,TKDESTEP
StepVisual_PlanarBox,exchange::step::schema::visual,TKDESTEP
StepVisual_PlanarExtent,exchange::step::schema::visual,TKDESTEP
StepVisual_PointStyle,exchange::step::schema::visual,TKDESTEP
StepVisual_PreDefinedColour,exchange::step::schema::visual,TKDESTEP
StepVisual_PreDefinedCurveFont,exchange::step::schema::visual,TKDESTEP
StepVisual_PreDefinedItem,exchange::step::schema::visual,TKDESTEP
StepVisual_PreDefinedTextFont,exchange::step::schema::visual,TKDESTEP
StepVisual_PresentationArea,exchange::step::schema::visual,TKDESTEP
StepVisual_PresentationLayerAssignment,exchange::step::schema::visual,TKDESTEP
StepVisual_PresentationLayerUsage,exchange::step::schema::visual,TKDESTEP
StepVisual_PresentationRepresentation,exchange::step::schema::visual,TKDESTEP
StepVisual_PresentationRepresentationSelect,exchange::step::schema::visual,TKDESTEP
StepVisual_PresentationSet,exchange::step::schema::visual,TKDESTEP
StepVisual_PresentationSize,exchange::step::schema::visual,TKDESTEP
StepVisual_PresentationSizeAssignmentSelect,exchange::step::schema::visual,TKDESTEP
StepVisual_PresentationStyleAssignment,exchange::step::schema::visual,TKDESTEP
StepVisual_PresentationStyleByContext,exchange::step::schema::visual,TKDESTEP
StepVisual_PresentationStyleSelect,exchange::step::schema::visual,TKDESTEP
StepVisual_PresentationView,exchange::step::schema::visual,TKDESTEP
StepVisual_PresentedItem,exchange::step::schema::visual,TKDESTEP
StepVisual_PresentedItemRepresentation,exchange::step::schema::visual,TKDESTEP
StepVisual_RenderingPropertiesSelect,exchange::step::schema::visual,TKDESTEP
StepVisual_RepositionedTessellatedGeometricSet,exchange::step::schema::visual,TKDESTEP
StepVisual_RepositionedTessellatedItem,exchange::step::schema::visual,TKDESTEP
StepVisual_StyleContextSelect,exchange::step::schema::visual,TKDESTEP
StepVisual_StyledItem,exchange::step::schema::visual,TKDESTEP
StepVisual_StyledItemTarget,exchange::step::schema::visual,TKDESTEP
StepVisual_SurfaceSideStyle,exchange::step::schema::visual,TKDESTEP
StepVisual_SurfaceStyleBoundary,exchange::step::schema::visual,TKDESTEP
StepVisual_SurfaceStyleControlGrid,exchange::step::schema::visual,TKDESTEP
StepVisual_SurfaceStyleElementSelect,exchange::step::schema::visual,TKDESTEP
StepVisual_SurfaceStyleFillArea,exchange::step::schema::visual,TKDESTEP
StepVisual_SurfaceStyleParameterLine,exchange::step::schema::visual,TKDESTEP
StepVisual_SurfaceStyleReflectanceAmbient,exchange::step::schema::visual,TKDESTEP
StepVisual_SurfaceStyleReflectanceAmbientDiffuse,exchange::step::schema::visual,TKDESTEP
StepVisual_SurfaceStyleReflectanceAmbientDiffuseSpecular,exchange::step::schema::visual,TKDESTEP
StepVisual_SurfaceStyleRendering,exchange::step::schema::visual,TKDESTEP
StepVisual_SurfaceStyleRenderingWithProperties,exchange::step::schema::visual,TKDESTEP
StepVisual_SurfaceStyleSegmentationCurve,exchange::step::schema::visual,TKDESTEP
StepVisual_SurfaceStyleSilhouette,exchange::step::schema::visual,TKDESTEP
StepVisual_SurfaceStyleTransparent,exchange::step::schema::visual,TKDESTEP
StepVisual_SurfaceStyleUsage,exchange::step::schema::visual,TKDESTEP
StepVisual_Template,exchange::step::schema::visual,TKDESTEP
StepVisual_TemplateInstance,exchange::step::schema::visual,TKDESTEP
StepVisual_TessellatedAnnotationOccurrence,exchange::step::schema::visual,TKDESTEP
StepVisual_TessellatedConnectingEdge,exchange::step::schema::visual,TKDESTEP
StepVisual_TessellatedCurveSet,exchange::step::schema::visual,TKDESTEP
StepVisual_TessellatedEdge,exchange::step::schema::visual,TKDESTEP
StepVisual_TessellatedEdgeOrVertex,exchange::step::schema::visual,TKDESTEP
StepVisual_TessellatedFace,exchange::step::schema::visual,TKDESTEP
StepVisual_TessellatedGeometricSet,exchange::step::schema::visual,TKDESTEP
StepVisual_TessellatedItem,exchange::step::schema::visual,TKDESTEP
StepVisual_TessellatedPointSet,exchange::step::schema::visual,TKDESTEP
StepVisual_TessellatedShapeRepresentation,exchange::step::schema::visual,TKDESTEP
StepVisual_TessellatedShapeRepresentationWithAccuracyParameters,exchange::step::schema::visual,TKDESTEP
StepVisual_TessellatedShell,exchange::step::schema::visual,TKDESTEP
StepVisual_TessellatedSolid,exchange::step::schema::visual,TKDESTEP
StepVisual_TessellatedStructuredItem,exchange::step::schema::visual,TKDESTEP
StepVisual_TessellatedSurfaceSet,exchange::step::schema::visual,TKDESTEP
StepVisual_TessellatedVertex,exchange::step::schema::visual,TKDESTEP
StepVisual_TessellatedWire,exchange::step::schema::visual,TKDESTEP
StepVisual_TextLiteral,exchange::step::schema::visual,TKDESTEP
StepVisual_TextOrCharacter,exchange::step::schema::visual,TKDESTEP
StepVisual_TextStyle,exchange::step::schema::visual,TKDESTEP
StepVisual_TextStyleForDefinedFont,exchange::step::schema::visual,TKDESTEP
StepVisual_TextStyleWithBoxCharacteristics,exchange::step::schema::visual,TKDESTEP
StepVisual_TriangulatedFace,exchange::step::schema::visual,TKDESTEP
StepVisual_TriangulatedSurfaceSet,exchange::step::schema::visual,TKDESTEP
StepVisual_ViewVolume,exchange::step::schema::visual,TKDESTEP
TopoDSToStep,exchange::step::writer::topology,TKDESTEP
TopoDSToStep_Builder,exchange::step::writer::topology,TKDESTEP
TopoDSToStep_FacetedTool,exchange::step::writer::topology,TKDESTEP
TopoDSToStep_MakeBrepWithVoids,exchange::step::writer::topology,TKDESTEP
TopoDSToStep_MakeFacetedBrep,exchange::step::writer::topology,TKDESTEP
TopoDSToStep_MakeFacetedBrepAndBrepWithVoids,exchange::step::writer::topology,TKDESTEP
TopoDSToStep_MakeGeometricCurveSet,exchange::step::writer::topology,TKDESTEP
TopoDSToStep_MakeManifoldSolidBrep,exchange::step::writer::topology,TKDESTEP
TopoDSToStep_MakeShellBasedSurfaceModel,exchange::step::writer::topology,TKDESTEP
TopoDSToStep_MakeStepEdge,exchange::step::writer::topology,TKDESTEP
TopoDSToStep_MakeStepFace,exchange::step::writer::topology,TKDESTEP
TopoDSToStep_MakeStepVertex,exchange::step::writer::topology,TKDESTEP
TopoDSToStep_MakeStepWire,exchange::step::writer::topology,TKDESTEP
TopoDSToStep_MakeTessellatedItem,exchange::step::writer::topology,TKDESTEP
TopoDSToStep_Root,exchange::step::writer::topology,TKDESTEP
TopoDSToStep_Tool,exchange::step::writer::topology,TKDESTEP
TopoDSToStep_WireframeBuilder,exchange::step::writer::topology,TKDESTEP
DESTL_ConfigurationNode,exchange::de::stl,TKDESTL
DESTL_Provider,exchange::de::stl,TKDESTL
RWStl,exchange::stl::rw,TKDESTL
RWStl_Reader,exchange::stl::rw,TKDESTL
StlAPI,exchange::stl,TKDESTL
StlAPI_Reader,exchange::stl,TKDESTL
StlAPI_Writer,exchange::stl,TKDESTL
DEVRML_ConfigurationNode,exchange::de::vrml,TKDEVRML
DEVRML_Provider,exchange::de::vrml,TKDEVRML
Vrml,exchange::vrml::schema,TKDEVRML
VrmlAPI,exchange::vrml,TKDEVRML
VrmlAPI_CafReader,exchange::vrml,TKDEVRML
VrmlAPI_Writer,exchange::vrml,TKDEVRML
VrmlConverter_Curve,exchange::vrml::convert,TKDEVRML
VrmlConverter_DeflectionCurve,exchange::vrml::convert,TKDEVRML
VrmlConverter_Drawer,exchange::vrml::convert,TKDEVRML
VrmlConverter_HLRShape,exchange::vrml::convert,TKDEVRML
VrmlConverter_IsoAspect,exchange::vrml::convert,TKDEVRML
VrmlConverter_LineAspect,exchange::vrml::convert,TKDEVRML
VrmlConverter_PointAspect,exchange::vrml::convert,TKDEVRML
VrmlConverter_Projector,exchange::vrml::convert,TKDEVRML
VrmlConverter_ShadedShape,exchange::vrml::convert,TKDEVRML
VrmlConverter_ShadingAspect,exchange::vrml::convert,TKDEVRML
VrmlConverter_WFDeflectionRestrictedFace,exchange::vrml::convert,TKDEVRML
VrmlConverter_WFDeflectionShape,exchange::vrml::convert,TKDEVRML
VrmlConverter_WFRestrictedFace,exchange::vrml::convert,TKDEVRML
VrmlConverter_WFShape,exchange::vrml::convert,TKDEVRML
VrmlData_Appearance,exchange::vrml::data,TKDEVRML
VrmlData_ArrayVec3d,exchange::vrml::data,TKDEVRML
VrmlData_Box,exchange::vrml::data,TKDEVRML
VrmlData_Color,exchange::vrml::data,TKDEVRML
VrmlData_Cone,exchange::vrml::data,TKDEVRML
VrmlData_Coordinate,exchange::vrml::data,TKDEVRML
VrmlData_Cylinder,exchange::vrml::data,TKDEVRML
VrmlData_Geometry,exchange::vrml::data,TKDEVRML
VrmlData_Group,exchange::vrml::data,TKDEVRML
VrmlData_ImageTexture,exchange::vrml::data,TKDEVRML
VrmlData_IndexedFaceSet,exchange::vrml::data,TKDEVRML
VrmlData_IndexedLineSet,exchange::vrml::data,TKDEVRML
VrmlData_Material,exchange::vrml::data,TKDEVRML
VrmlData_Node,exchange::vrml::data,TKDEVRML
VrmlData_Normal,exchange::vrml::data,TKDEVRML
VrmlData_Scene,exchange::vrml::data,TKDEVRML
VrmlData_ShapeConvert,exchange::vrml::data,TKDEVRML
VrmlData_ShapeNode,exchange::vrml::data,TKDEVRML
VrmlData_Sphere,exchange::vrml::data,TKDEVRML
VrmlData_Texture,exchange::vrml::data,TKDEVRML
VrmlData_TextureCoordinate,exchange::vrml::data,TKDEVRML
VrmlData_TextureTransform,exchange::vrml::data,TKDEVRML
VrmlData_UnknownNode,exchange::vrml::data,TKDEVRML
VrmlData_WorldInfo,exchange::vrml::data,TKDEVRML
Vrml_AsciiText,exchange::vrml::schema,TKDEVRML
Vrml_Cone,exchange::vrml::schema,TKDEVRML
Vrml_Coordinate3,exchange::vrml::schema,TKDEVRML
Vrml_Cube,exchange::vrml::schema,TKDEVRML
Vrml_Cylinder,exchange::vrml::schema,TKDEVRML
Vrml_DirectionalLight,exchange::vrml::schema,TKDEVRML
Vrml_FontStyle,exchange::vrml::schema,TKDEVRML
Vrml_Group,exchange::vrml::schema,TKDEVRML
Vrml_IndexedFaceSet,exchange::vrml::schema,TKDEVRML
Vrml_IndexedLineSet,exchange::vrml::schema,TKDEVRML
Vrml_Info,exchange::vrml::schema,TKDEVRML
Vrml_Instancing,exchange::vrml::schema,TKDEVRML
Vrml_LOD,exchange::vrml::schema,TKDEVRML
Vrml_Material,exchange::vrml::schema,TKDEVRML
Vrml_MaterialBinding,exchange::vrml::schema,TKDEVRML
Vrml_MatrixTransform,exchange::vrml::schema,TKDEVRML
Vrml_Normal,exchange::vrml::schema,TKDEVRML
Vrml_NormalBinding,exchange::vrml::schema,TKDEVRML
Vrml_OrthographicCamera,exchange::vrml::schema,TKDEVRML
Vrml_PerspectiveCamera,exchange::vrml::schema,TKDEVRML
Vrml_PointLight,exchange::vrml::schema,TKDEVRML
Vrml_PointSet,exchange::vrml::schema,TKDEVRML
Vrml_Rotation,exchange::vrml::schema,TKDEVRML
Vrml_SFImage,exchange::vrml::schema,TKDEVRML
Vrml_SFRotation,exchange::vrml::schema,TKDEVRML
Vrml_Scale,exchange::vrml::schema,TKDEVRML
Vrml_Separator,exchange::vrml::schema,TKDEVRML
Vrml_ShapeHints,exchange::vrml::schema,TKDEVRML
Vrml_Sphere,exchange::vrml::schema,TKDEVRML
Vrml_SpotLight,exchange::vrml::schema,TKDEVRML
Vrml_Switch,exchange::vrml::schema,TKDEVRML
Vrml_Texture2,exchange::vrml::schema,TKDEVRML
Vrml_Texture2Transform,exchange::vrml::schema,TKDEVRML
Vrml_TextureCoordinate2,exchange::vrml::schema,TKDEVRML
Vrml_Transform,exchange::vrml::schema,TKDEVRML
Vrml_TransformSeparator,exchange::vrml::schema,TKDEVRML
Vrml_Translation,exchange::vrml::schema,TKDEVRML
Vrml_WWWAnchor,exchange::vrml::schema,TKDEVRML
Vrml_WWWInline,exchange::vrml::schema,TKDEVRML
DBRep,test::model,TKDraw
DBRep_DrawableShape,test::model,TKDraw
DBRep_Edge,test::model,TKDraw
DBRep_Face,test::model,TKDraw
DBRep_HideData,test::model,TKDraw
DBRep_IsoBuilder,test::model,TKDraw
Draw,test::draw,TKDraw
DrawTrSurf,test::draw::geometry,TKDraw
DrawTrSurf_BSplineCurve,test::draw::geometry,TKDraw
DrawTrSurf_BSplineCurve2d,test::draw::geometry,TKDraw
DrawTrSurf_BSplineSurface,test::draw::geometry,TKDraw
DrawTrSurf_BezierCurve,test::draw::geometry,TKDraw
DrawTrSurf_BezierCurve2d,test::draw::geometry,TKDraw
DrawTrSurf_BezierSurface,test::draw::geometry,TKDraw
DrawTrSurf_Curve,test::draw::geometry,TKDraw
DrawTrSurf_Curve2d,test::draw::geometry,TKDraw
DrawTrSurf_Drawable,test::draw::geometry,TKDraw
DrawTrSurf_Point,test::draw::geometry,TKDraw
DrawTrSurf_Polygon2D,test::draw::geometry,TKDraw
DrawTrSurf_Polygon3D,test::draw::geometry,TKDraw
DrawTrSurf_Surface,test::draw::geometry,TKDraw
DrawTrSurf_Triangulation,test::draw::geometry,TKDraw
DrawTrSurf_Triangulation2D,test::draw::geometry,TKDraw
Draw_Axis2D,test::draw,TKDraw
Draw_Axis3D,test::draw,TKDraw
Draw_Box,test::draw,TKDraw
Draw_Chronometer,test::draw,TKDraw
Draw_Circle2D,test::draw,TKDraw
Draw_Circle3D,test::draw,TKDraw
Draw_Color,test::draw,TKDraw
Draw_Display,test::draw,TKDraw
Draw_Drawable2D,test::draw,TKDraw
Draw_Drawable3D,test::draw,TKDraw
Draw_Failure,test::draw,TKDraw
Draw_Grid,test::draw,TKDraw
Draw_Interpretor,test::draw,TKDraw
Draw_Marker2D,test::draw,TKDraw
Draw_Marker3D,test::draw,TKDraw
Draw_Number,test::draw,TKDraw
Draw_Printer,test::draw,TKDraw
Draw_ProgressIndicator,test::draw,TKDraw
Draw_Segment2D,test::draw,TKDraw
Draw_Segment3D,test::draw,TKDraw
Draw_Text2D,test::draw,TKDraw
Draw_Text3D,test::draw,TKDraw
Draw_View,test::draw,TKDraw
Draw_Viewer,test::draw,TKDraw
Draw_Window,test::draw,TKDraw
Expr,math::expression,TKExpress
ExprIntrp,math::expression::interpreter,TKExpress
ExprIntrp_Analysis,math::expression::interpreter,TKExpress
ExprIntrp_GenExp,math::expression::interpreter,TKExpress
ExprIntrp_GenFct,math::expression::interpreter,TKExpress
ExprIntrp_GenRel,math::expression::interpreter,TKExpress
ExprIntrp_Generator,math::expression::interpreter,TKExpress
ExprIntrp_SyntaxError,math::expression::interpreter,TKExpress
Expr_Absolute,math::expression,TKExpress
Expr_ArcCosine,math::expression,TKExpress
Expr_ArcSine,math::expression,TKExpress
Expr_ArcTangent,math::expression,TKExpress
Expr_ArgCosh,math::expression,TKExpress
Expr_ArgSinh,math::expression,TKExpress
Expr_ArgTanh,math::expression,TKExpress
Expr_BinaryExpression,math::expression,TKExpress
Expr_BinaryFunction,math::expression,TKExpress
Expr_Cosh,math::expression,TKExpress
Expr_Cosine,math::expression,TKExpress
Expr_Difference,math::expression,TKExpress
Expr_Different,math::expression,TKExpress
Expr_Division,math::expression,TKExpress
Expr_Equal,math::expression,TKExpress
Expr_Exponential,math::expression,TKExpress
Expr_Exponentiate,math::expression,TKExpress
Expr_ExprFailure,math::expression,TKExpress
Expr_FunctionDerivative,math::expression,TKExpress
Expr_GeneralExpression,math::expression,TKExpress
Expr_GeneralFunction,math::expression,TKExpress
Expr_GeneralRelation,math::expression,TKExpress
Expr_GreaterThan,math::expression,TKExpress
Expr_GreaterThanOrEqual,math::expression,TKExpress
Expr_InvalidAssignment,math::expression,TKExpress
Expr_InvalidFunction,math::expression,TKExpress
Expr_InvalidOperand,math::expression,TKExpress
Expr_LessThan,math::expression,TKExpress
Expr_LessThanOrEqual,math::expression,TKExpress
Expr_LogOf10,math::expression,TKExpress
Expr_LogOfe,math::expression,TKExpress
Expr_NamedConstant,math::expression,TKExpress
Expr_NamedExpression,math::expression,TKExpress
Expr_NamedFunction,math::expression,TKExpress
Expr_NamedUnknown,math::expression,TKExpress
Expr_NotAssigned,math::expression,TKExpress
Expr_NotEvaluable,math::expression,TKExpress
Expr_NumericValue,math::expression,TKExpress
Expr_PolyExpression,math::expression,TKExpress
Expr_PolyFunction,math::expression,TKExpress
Expr_Product,math::expression,TKExpress
Expr_RUIterator,math::expression,TKExpress
Expr_RelationIterator,math::expression,TKExpress
Expr_Sign,math::expression,TKExpress
Expr_Sine,math::expression,TKExpress
Expr_SingleRelation,math::expression,TKExpress
Expr_Sinh,math::expression,TKExpress
Expr_Square,math::expression,TKExpress
Expr_SquareRoot,math::expression,TKExpress
Expr_Sum,math::expression,TKExpress
Expr_SystemRelation,math::expression,TKExpress
Expr_Tangent,math::expression,TKExpress
Expr_Tanh,math::expression,TKExpress
Expr_UnaryExpression,math::expression,TKExpress
Expr_UnaryFunction,math::expression,TKExpress
Expr_UnaryMinus,math::expression,TKExpress
Expr_UnknownIterator,math::expression,TKExpress
BRepFeat,algorithm::feature,TKFeat
BRepFeat_Builder,algorithm::feature,TKFeat
BRepFeat_Form,algorithm::feature,TKFeat
BRepFeat_Gluer,algorithm::feature,TKFeat
BRepFeat_MakeCylindricalHole,algorithm::feature,TKFeat
BRepFeat_MakeDPrism,algorithm::feature,TKFeat
BRepFeat_MakeLinearForm,algorithm::feature,TKFeat
BRepFeat_MakePipe,algorithm::feature,TKFeat
BRepFeat_MakePrism,algorithm::feature,TKFeat
BRepFeat_MakeRevol,algorithm::feature,TKFeat
BRepFeat_MakeRevolutionForm,algorithm::feature,TKFeat
BRepFeat_RibSlot,algorithm::feature,TKFeat
BRepFeat_SplitShape,algorithm::feature,TKFeat
LocOpe,algorithm::localoperation,TKFeat
LocOpe_BuildShape,algorithm::localoperation,TKFeat
LocOpe_BuildWires,algorithm::localoperation,TKFeat
LocOpe_CSIntersector,algorithm::localoperation,TKFeat
LocOpe_CurveShapeIntersector,algorithm::localoperation,TKFeat
LocOpe_DPrism,algorithm::localoperation,TKFeat
LocOpe_FindEdges,algorithm::localoperation,TKFeat
LocOpe_FindEdgesInFace,algorithm::localoperation,TKFeat
LocOpe_GeneratedShape,algorithm::localoperation,TKFeat
LocOpe_Generator,algorithm::localoperation,TKFeat
LocOpe_GluedShape,algorithm::localoperation,TKFeat
LocOpe_Gluer,algorithm::localoperation,TKFeat
LocOpe_LinearForm,algorithm::localoperation,TKFeat
LocOpe_Pipe,algorithm::localoperation,TKFeat
LocOpe_PntFace,algorithm::localoperation,TKFeat
LocOpe_Prism,algorithm::localoperation,TKFeat
LocOpe_Revol,algorithm::localoperation,TKFeat
LocOpe_RevolutionForm,algorithm::localoperation,TKFeat
LocOpe_SplitDrafts,algorithm::localoperation,TKFeat
LocOpe_SplitShape,algorithm::localoperation,TKFeat
LocOpe_Spliter,algorithm::localoperation,TKFeat
LocOpe_WiresOnShape,algorithm::localoperation,TKFeat
BRepBlend_AppFunc,algorithm::blend::brep,TKFillet
BRepBlend_AppFuncRoot,algorithm::blend::brep,TKFillet
BRepBlend_AppFuncRst,algorithm::blend::brep,TKFillet
BRepBlend_AppFuncRstRst,algorithm::blend::brep,TKFillet
BRepBlend_AppSurf,algorithm::blend::brep,TKFillet
BRepBlend_AppSurface,algorithm::blend::brep,TKFillet
BRepBlend_BlendTool,algorithm::blend::brep,TKFillet
BRepBlend_CSWalking,algorithm::blend::brep,TKFillet
BRepBlend_CurvPointRadInv,algorithm::blend::brep,TKFillet
BRepBlend_Extremity,algorithm::blend::brep,TKFillet
BRepBlend_HCurve2dTool,algorithm::blend::brep,TKFillet
BRepBlend_HCurveTool,algorithm::blend::brep,TKFillet
BRepBlend_Line,algorithm::blend::brep,TKFillet
BRepBlend_PointOnRst,algorithm::blend::brep,TKFillet
BRepBlend_RstRstConstRad,algorithm::blend::brep,TKFillet
BRepBlend_RstRstEvolRad,algorithm::blend::brep,TKFillet
BRepBlend_RstRstLineBuilder,algorithm::blend::brep,TKFillet
BRepBlend_SurfCurvConstRadInv,algorithm::blend::brep,TKFillet
BRepBlend_SurfCurvEvolRadInv,algorithm::blend::brep,TKFillet
BRepBlend_SurfPointConstRadInv,algorithm::blend::brep,TKFillet
BRepBlend_SurfPointEvolRadInv,algorithm::blend::brep,TKFillet
BRepBlend_SurfRstConstRad,algorithm::blend::brep,TKFillet
BRepBlend_SurfRstEvolRad,algorithm::blend::brep,TKFillet
BRepBlend_SurfRstLineBuilder,algorithm::blend::brep,TKFillet
BRepBlend_Walking,algorithm::blend::brep,TKFillet
BRepFilletAPI_LocalOperation,algorithm::fillet,TKFillet
BRepFilletAPI_MakeChamfer,algorithm::fillet,TKFillet
BRepFilletAPI_MakeFillet,algorithm::fillet,TKFillet
BRepFilletAPI_MakeFillet2d,algorithm::fillet,TKFillet
BlendFunc,algorithm::blend::functions,TKFillet
BlendFunc_CSCircular,algorithm::blend::functions,TKFillet
BlendFunc_CSConstRad,algorithm::blend::functions,TKFillet
BlendFunc_ChAsym,algorithm::blend::functions,TKFillet
BlendFunc_ChAsymInv,algorithm::blend::functions,TKFillet
BlendFunc_ChamfInv,algorithm::blend::functions,TKFillet
BlendFunc_Chamfer,algorithm::blend::functions,TKFillet
BlendFunc_ConstRad,algorithm::blend::functions,TKFillet
BlendFunc_ConstRadInv,algorithm::blend::functions,TKFillet
BlendFunc_ConstThroat,algorithm::blend::functions,TKFillet
BlendFunc_ConstThroatInv,algorithm::blend::functions,TKFillet
BlendFunc_ConstThroatWithPenetration,algorithm::blend::functions,TKFillet
BlendFunc_ConstThroatWithPenetrationInv,algorithm::blend::functions,TKFillet
BlendFunc_Corde,algorithm::blend::functions,TKFillet
BlendFunc_EvolRad,algorithm::blend::functions,TKFillet
BlendFunc_EvolRadInv,algorithm::blend::functions,TKFillet
BlendFunc_GenChamfInv,algorithm::blend::functions,TKFillet
BlendFunc_GenChamfer,algorithm::blend::functions,TKFillet
BlendFunc_Ruled,algorithm::blend::functions,TKFillet
BlendFunc_RuledInv,algorithm::blend::functions,TKFillet
BlendFunc_Tensor,algorithm::blend::functions,TKFillet
Blend_AppFunction,algorithm::blend,TKFillet
Blend_CSFunction,algorithm::blend,TKFillet
Blend_CurvPointFuncInv,algorithm::blend,TKFillet
Blend_FuncInv,algorithm::blend,TKFillet
Blend_Function,algorithm::blend,TKFillet
Blend_Point,algorithm::blend,TKFillet
Blend_RstRstFunction,algorithm::blend,TKFillet
Blend_SurfCurvFuncInv,algorithm::blend,TKFillet
Blend_SurfPointFuncInv,algorithm::blend,TKFillet
Blend_SurfRstFunction,algorithm::blend,TKFillet
ChFi2d,algorithm::fillet::dim2,TKFillet
ChFi2d_AnaFilletAlgo,algorithm::fillet::dim2,TKFillet
ChFi2d_Builder,algorithm::fillet::dim2,TKFillet
ChFi2d_ChamferAPI,algorithm::fillet::dim2,TKFillet
ChFi2d_FilletAPI,algorithm::fillet::dim2,TKFillet
ChFi2d_FilletAlgo,algorithm::fillet::dim2,TKFillet
ChFi3d,algorithm::fillet::dim3,TKFillet
ChFi3d_Builder,algorithm::fillet::dim3,TKFillet
ChFi3d_ChBuilder,algorithm::fillet::dim3,TKFillet
ChFi3d_FilBuilder,algorithm::fillet::dim3,TKFillet
ChFi3d_SearchSing,algorithm::fillet::dim3,TKFillet
ChFiDS_ChamfSpine,algorithm::fillet::data,TKFillet
ChFiDS_CircSection,algorithm::fillet::data,TKFillet
ChFiDS_CommonPoint,algorithm::fillet::data,TKFillet
ChFiDS_ElSpine,algorithm::fillet::data,TKFillet
ChFiDS_FaceInterference,algorithm::fillet::data,TKFillet
ChFiDS_FilSpine,algorithm::fillet::data,TKFillet
ChFiDS_Map,algorithm::fillet::data,TKFillet
ChFiDS_Regul,algorithm::fillet::data,TKFillet
ChFiDS_Spine,algorithm::fillet::data,TKFillet
ChFiDS_Stripe,algorithm::fillet::data,TKFillet
ChFiDS_StripeMap,algorithm::fillet::data,TKFillet
ChFiDS_SurfData,algorithm::fillet::data,TKFillet
ChFiKPart_ComputeData,algorithm::fillet::kpart,TKFillet
FilletSurf_Builder,algorithm::fillet::surface,TKFillet
FilletSurf_InternalBuilder,algorithm::fillet::surface,TKFillet
Adaptor2d_Curve2d,geometry2d::adapter,TKG2d
Adaptor2d_Line2d,geometry2d::adapter,TKG2d
Adaptor2d_OffsetCurve,geometry2d::adapter,TKG2d
Geom2dAdaptor,geometry2d::adapter,TKG2d
Geom2dAdaptor_Curve,geometry2d::adapter,TKG2d
Geom2dLProp_CLProps2d,geometry2d::localproperties,TKG2d
Geom2dLProp_CurAndInf2d,geometry2d::localproperties,TKG2d
Geom2dLProp_Curve2dTool,geometry2d::localproperties,TKG2d
Geom2dLProp_FuncCurExt,geometry2d::localproperties,TKG2d
Geom2dLProp_FuncCurNul,geometry2d::localproperties,TKG2d
Geom2dLProp_NumericCurInf2d,geometry2d::localproperties,TKG2d
Geom2d_AxisPlacement,geometry2d,TKG2d
Geom2d_BSplineCurve,geometry2d,TKG2d
Geom2d_BezierCurve,geometry2d,TKG2d
Geom2d_BoundedCurve,geometry2d,TKG2d
Geom2d_CartesianPoint,geometry2d,TKG2d
Geom2d_Circle,geometry2d,TKG2d
Geom2d_Conic,geometry2d,TKG2d
Geom2d_Curve,geometry2d,TKG2d
Geom2d_Direction,geometry2d,TKG2d
Geom2d_Ellipse,geometry2d,TKG2d
Geom2d_Geometry,geometry2d,TKG2d
Geom2d_Hyperbola,geometry2d,TKG2d
Geom2d_Line,geometry2d,TKG2d
Geom2d_OffsetCurve,geometry2d,TKG2d
Geom2d_Parabola,geometry2d,TKG2d
Geom2d_Point,geometry2d,TKG2d
Geom2d_Transformation,geometry2d,TKG2d
Geom2d_TrimmedCurve,geometry2d,TKG2d
Geom2d_UndefinedDerivative,geometry2d,TKG2d
Geom2d_UndefinedValue,geometry2d,TKG2d
Geom2d_Vector,geometry2d,TKG2d
Geom2d_VectorWithMagnitude,geometry2d,TKG2d
LProp_AnalyticCurInf,geometry::localproperties::base,TKG2d
LProp_BadContinuity,geometry::localproperties::base,TKG2d
LProp_CurAndInf,geometry::localproperties::base,TKG2d
LProp_NotDefined,geometry::localproperties::base,TKG2d
Adaptor3d_Curve,geometry::adapter,TKG3d
Adaptor3d_CurveOnSurface,geometry::adapter,TKG3d
Adaptor3d_HSurfaceTool,geometry::adapter,TKG3d
Adaptor3d_HVertex,geometry::adapter,TKG3d
Adaptor3d_InterFunc,geometry::adapter,TKG3d
Adaptor3d_IsoCurve,geometry::adapter,TKG3d
Adaptor3d_Surface,geometry::adapter,TKG3d
Adaptor3d_TopolTool,geometry::adapter,TKG3d
AdvApprox_ApproxAFunction,geometry::approximation,TKG3d
AdvApprox_Cutting,geometry::approximation,TKG3d
AdvApprox_DichoCutting,geometry::approximation,TKG3d
AdvApprox_EvaluatorFunction,geometry::approximation,TKG3d
AdvApprox_PrefAndRec,geometry::approximation,TKG3d
AdvApprox_PrefCutting,geometry::approximation,TKG3d
AdvApprox_SimpleApprox,geometry::approximation,TKG3d
GProp,geometry::properties,TKG3d
GProp_CelGProps,geometry::properties,TKG3d
GProp_GProps,geometry::properties,TKG3d
GProp_PEquation,geometry::properties,TKG3d
GProp_PGProps,geometry::properties,TKG3d
GProp_PrincipalProps,geometry::properties,TKG3d
GProp_SelGProps,geometry::properties,TKG3d
GProp_VelGProps,geometry::properties,TKG3d
GeomAdaptor,geometry::adapter,TKG3d
GeomAdaptor_Curve,geometry::adapter,TKG3d
GeomAdaptor_Surface,geometry::adapter,TKG3d
GeomAdaptor_SurfaceOfLinearExtrusion,geometry::adapter,TKG3d
GeomAdaptor_SurfaceOfRevolution,geometry::adapter,TKG3d
GeomLProp,geometry::localproperties,TKG3d
GeomLProp_CLProps,geometry::localproperties,TKG3d
GeomLProp_CurveTool,geometry::localproperties,TKG3d
GeomLProp_SLProps,geometry::localproperties,TKG3d
GeomLProp_SurfaceTool,geometry::localproperties,TKG3d
Geom_Axis1Placement,geometry,TKG3d
Geom_Axis2Placement,geometry,TKG3d
Geom_AxisPlacement,geometry,TKG3d
Geom_BSplineCurve,geometry,TKG3d
Geom_BSplineSurface,geometry,TKG3d
Geom_BezierCurve,geometry,TKG3d
Geom_BezierSurface,geometry,TKG3d
Geom_BoundedCurve,geometry,TKG3d
Geom_BoundedSurface,geometry,TKG3d
Geom_CartesianPoint,geometry,TKG3d
Geom_Circle,geometry,TKG3d
Geom_Conic,geometry,TKG3d
Geom_ConicalSurface,geometry,TKG3d
Geom_Curve,geometry,TKG3d
Geom_CylindricalSurface,geometry,TKG3d
Geom_Direction,geometry,TKG3d
Geom_ElementarySurface,geometry,TKG3d
Geom_Ellipse,geometry,TKG3d
Geom_Geometry,geometry,TKG3d
Geom_Hyperbola,geometry,TKG3d
Geom_Line,geometry,TKG3d
Geom_OffsetCurve,geometry,TKG3d
Geom_OffsetSurface,geometry,TKG3d
Geom_OsculatingSurface,geometry,TKG3d
Geom_Parabola,geometry,TKG3d
Geom_Plane,geometry,TKG3d
Geom_Point,geometry,TKG3d
Geom_RectangularTrimmedSurface,geometry,TKG3d
Geom_SphericalSurface,geometry,TKG3d
Geom_Surface,geometry,TKG3d
Geom_SurfaceOfLinearExtrusion,geometry,TKG3d
Geom_SurfaceOfRevolution,geometry,TKG3d
Geom_SweptSurface,geometry,TKG3d
Geom_ToroidalSurface,geometry,TKG3d
Geom_Transformation,geometry,TKG3d
Geom_TrimmedCurve,geometry,TKG3d
Geom_UndefinedDerivative,geometry,TKG3d
Geom_UndefinedValue,geometry,TKG3d
Geom_Vector,geometry,TKG3d
Geom_VectorWithMagnitude,geometry,TKG3d
LProp3d_CLProps,geometry::localproperties::dim3,TKG3d
LProp3d_CurveTool,geometry::localproperties::dim3,TKG3d
LProp3d_SLProps,geometry::localproperties::dim3,TKG3d
LProp3d_SurfaceTool,geometry::localproperties::dim3,TKG3d
TopAbs,topology,TKG3d
AppBlend_Approx,algorithm::blend::app,TKGeomAlgo
ApproxInt_KnotTools,geometry::approximation::intersection,TKGeomAlgo
ApproxInt_SvSurfaces,geometry::approximation::intersection,TKGeomAlgo
FairCurve_Batten,algorithm::fairing,TKGeomAlgo
FairCurve_BattenLaw,algorithm::fairing,TKGeomAlgo
FairCurve_DistributionOfEnergy,algorithm::fairing,TKGeomAlgo
FairCurve_DistributionOfJerk,algorithm::fairing,TKGeomAlgo
FairCurve_DistributionOfSagging,algorithm::fairing,TKGeomAlgo
FairCurve_DistributionOfTension,algorithm::fairing,TKGeomAlgo
FairCurve_Energy,algorithm::fairing,TKGeomAlgo
FairCurve_EnergyOfBatten,algorithm::fairing,TKGeomAlgo
FairCurve_EnergyOfMVC,algorithm::fairing,TKGeomAlgo
FairCurve_MinimalVariation,algorithm::fairing,TKGeomAlgo
FairCurve_Newton,algorithm::fairing,TKGeomAlgo
GccAna_Circ2d2TanOn,geometry2d::construct::analytical,TKGeomAlgo
GccAna_Circ2d2TanRad,geometry2d::construct::analytical,TKGeomAlgo
GccAna_Circ2d3Tan,geometry2d::construct::analytical,TKGeomAlgo
GccAna_Circ2dBisec,geometry2d::construct::analytical,TKGeomAlgo
GccAna_Circ2dTanCen,geometry2d::construct::analytical,TKGeomAlgo
GccAna_Circ2dTanOnRad,geometry2d::construct::analytical,TKGeomAlgo
GccAna_CircLin2dBisec,geometry2d::construct::analytical,TKGeomAlgo
GccAna_CircPnt2dBisec,geometry2d::construct::analytical,TKGeomAlgo
GccAna_Lin2d2Tan,geometry2d::construct::analytical,TKGeomAlgo
GccAna_Lin2dBisec,geometry2d::construct::analytical,TKGeomAlgo
GccAna_Lin2dTanObl,geometry2d::construct::analytical,TKGeomAlgo
GccAna_Lin2dTanPar,geometry2d::construct::analytical,TKGeomAlgo
GccAna_Lin2dTanPer,geometry2d::construct::analytical,TKGeomAlgo
GccAna_LinPnt2dBisec,geometry2d::construct::analytical,TKGeomAlgo
GccAna_NoSolution,geometry2d::construct::analytical,TKGeomAlgo
GccAna_Pnt2dBisec,geometry2d::construct::analytical,TKGeomAlgo
GccEnt,geometry2d::construct::entities,TKGeomAlgo
GccEnt_BadQualifier,geometry2d::construct::entities,TKGeomAlgo
GccEnt_QualifiedCirc,geometry2d::construct::entities,TKGeomAlgo
GccEnt_QualifiedLin,geometry2d::construct::entities,TKGeomAlgo
GccInt_BCirc,geometry2d::construct::intersection,TKGeomAlgo
GccInt_BElips,geometry2d::construct::intersection,TKGeomAlgo
GccInt_BHyper,geometry2d::construct::intersection,TKGeomAlgo
GccInt_BLine,geometry2d::construct::intersection,TKGeomAlgo
GccInt_BParab,geometry2d::construct::intersection,TKGeomAlgo
GccInt_BPoint,geometry2d::construct::intersection,TKGeomAlgo
GccInt_Bisec,geometry2d::construct::intersection,TKGeomAlgo
Geom2dAPI_ExtremaCurveCurve,geometry2d::api,TKGeomAlgo
Geom2dAPI_InterCurveCurve,geometry2d::api,TKGeomAlgo
Geom2dAPI_Interpolate,geometry2d::api,TKGeomAlgo
Geom2dAPI_PointsToBSpline,geometry2d::api,TKGeomAlgo
Geom2dAPI_ProjectPointOnCurve,geometry2d::api,TKGeomAlgo
Geom2dGcc,geometry2d::construct::gcc,TKGeomAlgo
Geom2dGcc_Circ2d2TanOn,geometry2d::construct::gcc,TKGeomAlgo
Geom2dGcc_Circ2d2TanOnGeo,geometry2d::construct::gcc,TKGeomAlgo
Geom2dGcc_Circ2d2TanOnIter,geometry2d::construct::gcc,TKGeomAlgo
Geom2dGcc_Circ2d2TanRad,geometry2d::construct::gcc,TKGeomAlgo
Geom2dGcc_Circ2d2TanRadGeo,geometry2d::construct::gcc,TKGeomAlgo
Geom2dGcc_Circ2d3Tan,geometry2d::construct::gcc,TKGeomAlgo
Geom2dGcc_Circ2d3TanIter,geometry2d::construct::gcc,TKGeomAlgo
Geom2dGcc_Circ2dTanCen,geometry2d::construct::gcc,TKGeomAlgo
Geom2dGcc_Circ2dTanCenGeo,geometry2d::construct::gcc,TKGeomAlgo
Geom2dGcc_Circ2dTanOnRad,geometry2d::construct::gcc,TKGeomAlgo
Geom2dGcc_Circ2dTanOnRadGeo,geometry2d::construct::gcc,TKGeomAlgo
Geom2dGcc_CurveTool,geometry2d::construct::gcc,TKGeomAlgo
Geom2dGcc_FunctionTanCirCu,geometry2d::construct::gcc,TKGeomAlgo
Geom2dGcc_FunctionTanCuCu,geometry2d::construct::gcc,TKGeomAlgo
Geom2dGcc_FunctionTanCuCuCu,geometry2d::construct::gcc,TKGeomAlgo
Geom2dGcc_FunctionTanCuCuOnCu,geometry2d::construct::gcc,TKGeomAlgo
Geom2dGcc_FunctionTanCuPnt,geometry2d::construct::gcc,TKGeomAlgo
Geom2dGcc_FunctionTanObl,geometry2d::construct::gcc,TKGeomAlgo
Geom2dGcc_IsParallel,geometry2d::construct::gcc,TKGeomAlgo
Geom2dGcc_Lin2d2Tan,geometry2d::construct::gcc,TKGeomAlgo
Geom2dGcc_Lin2d2TanIter,geometry2d::construct::gcc,TKGeomAlgo
Geom2dGcc_Lin2dTanObl,geometry2d::construct::gcc,TKGeomAlgo
Geom2dGcc_Lin2dTanOblIter,geometry2d::construct::gcc,TKGeomAlgo
Geom2dGcc_QCurve,geometry2d::construct::gcc,TKGeomAlgo
Geom2dGcc_QualifiedCurve,geometry2d::construct::gcc,TKGeomAlgo
Geom2dHatch_Classifier,geometry2d::hatch,TKGeomAlgo
Geom2dHatch_Element,geometry2d::hatch,TKGeomAlgo
Geom2dHatch_Elements,geometry2d::hatch,TKGeomAlgo
Geom2dHatch_FClass2dOfClassifier,geometry2d::hatch,TKGeomAlgo
Geom2dHatch_Hatcher,geometry2d::hatch,TKGeomAlgo
Geom2dHatch_Hatching,geometry2d::hatch,TKGeomAlgo
Geom2dHatch_Intersector,geometry2d::hatch,TKGeomAlgo
Geom2dInt_ExactIntersectionPointOfTheIntPCurvePCurveOfGInter,geometry2d::intersect,TKGeomAlgo
Geom2dInt_GInter,geometry2d::intersect,TKGeomAlgo
Geom2dInt_Geom2dCurveTool,geometry2d::intersect,TKGeomAlgo
Geom2dInt_IntConicCurveOfGInter,geometry2d::intersect,TKGeomAlgo
Geom2dInt_MyImpParToolOfTheIntersectorOfTheIntConicCurveOfGInter,geometry2d::intersect,TKGeomAlgo
Geom2dInt_TheDistBetweenPCurvesOfTheIntPCurvePCurveOfGInter,geometry2d::intersect,TKGeomAlgo
Geom2dInt_TheIntConicCurveOfGInter,geometry2d::intersect,TKGeomAlgo
Geom2dInt_TheIntPCurvePCurveOfGInter,geometry2d::intersect,TKGeomAlgo
Geom2dInt_TheIntersectorOfTheIntConicCurveOfGInter,geometry2d::intersect,TKGeomAlgo
Geom2dInt_ThePolygon2dOfTheIntPCurvePCurveOfGInter,geometry2d::intersect,TKGeomAlgo
Geom2dInt_TheProjPCurOfGInter,geometry2d::intersect,TKGeomAlgo
GeomAPI,geometry::api,TKGeomAlgo
GeomAPI_ExtremaCurveCurve,geometry::api,TKGeomAlgo
GeomAPI_ExtremaCurveSurface,geometry::api,TKGeomAlgo
GeomAPI_ExtremaSurfaceSurface,geometry::api,TKGeomAlgo
GeomAPI_IntCS,geometry::api,TKGeomAlgo
GeomAPI_IntSS,geometry::api,TKGeomAlgo
GeomAPI_Interpolate,geometry::api,TKGeomAlgo
GeomAPI_PointsToBSpline,geometry::api,TKGeomAlgo
GeomAPI_PointsToBSplineSurface,geometry::api,TKGeomAlgo
GeomAPI_ProjectPointOnCurve,geometry::api,TKGeomAlgo
GeomAPI_ProjectPointOnSurf,geometry::api,TKGeomAlgo
GeomFill,algorithm::filling::geom,TKGeomAlgo
GeomFill_AppSurf,algorithm::filling::geom,TKGeomAlgo
GeomFill_AppSweep,algorithm::filling::geom,TKGeomAlgo
GeomFill_BSplineCurves,algorithm::filling::geom,TKGeomAlgo
GeomFill_BezierCurves,algorithm::filling::geom,TKGeomAlgo
GeomFill_BoundWithSurf,algorithm::filling::geom,TKGeomAlgo
GeomFill_Boundary,algorithm::filling::geom,TKGeomAlgo
GeomFill_CircularBlendFunc,algorithm::filling::geom,TKGeomAlgo
GeomFill_ConstantBiNormal,algorithm::filling::geom,TKGeomAlgo
GeomFill_ConstrainedFilling,algorithm::filling::geom,TKGeomAlgo
GeomFill_Coons,algorithm::filling::geom,TKGeomAlgo
GeomFill_CoonsAlgPatch,algorithm::filling::geom,TKGeomAlgo
GeomFill_CornerState,algorithm::filling::geom,TKGeomAlgo
GeomFill_CorrectedFrenet,algorithm::filling::geom,TKGeomAlgo
GeomFill_CurveAndTrihedron,algorithm::filling::geom,TKGeomAlgo
GeomFill_Curved,algorithm::filling::geom,TKGeomAlgo
GeomFill_Darboux,algorithm::filling::geom,TKGeomAlgo
GeomFill_DegeneratedBound,algorithm::filling::geom,TKGeomAlgo
GeomFill_DiscreteTrihedron,algorithm::filling::geom,TKGeomAlgo
GeomFill_DraftTrihedron,algorithm::filling::geom,TKGeomAlgo
GeomFill_EvolvedSection,algorithm::filling::geom,TKGeomAlgo
GeomFill_Filling,algorithm::filling::geom,TKGeomAlgo
GeomFill_Fixed,algorithm::filling::geom,TKGeomAlgo
GeomFill_Frenet,algorithm::filling::geom,TKGeomAlgo
GeomFill_FunctionDraft,algorithm::filling::geom,TKGeomAlgo
GeomFill_FunctionGuide,algorithm::filling::geom,TKGeomAlgo
GeomFill_Generator,algorithm::filling::geom,TKGeomAlgo
GeomFill_GuideTrihedronAC,algorithm::filling::geom,TKGeomAlgo
GeomFill_GuideTrihedronPlan,algorithm::filling::geom,TKGeomAlgo
GeomFill_Line,algorithm::filling::geom,TKGeomAlgo
GeomFill_LocFunction,algorithm::filling::geom,TKGeomAlgo
GeomFill_LocationDraft,algorithm::filling::geom,TKGeomAlgo
GeomFill_LocationGuide,algorithm::filling::geom,TKGeomAlgo
GeomFill_LocationLaw,algorithm::filling::geom,TKGeomAlgo
GeomFill_NSections,algorithm::filling::geom,TKGeomAlgo
GeomFill_Pipe,algorithm::filling::geom,TKGeomAlgo
GeomFill_PlanFunc,algorithm::filling::geom,TKGeomAlgo
GeomFill_PolynomialConvertor,algorithm::filling::geom,TKGeomAlgo
GeomFill_Profiler,algorithm::filling::geom,TKGeomAlgo
GeomFill_QuasiAngularConvertor,algorithm::filling::geom,TKGeomAlgo
GeomFill_SectionGenerator,algorithm::filling::geom,TKGeomAlgo
GeomFill_SectionLaw,algorithm::filling::geom,TKGeomAlgo
GeomFill_SectionPlacement,algorithm::filling::geom,TKGeomAlgo
GeomFill_SimpleBound,algorithm::filling::geom,TKGeomAlgo
GeomFill_SnglrFunc,algorithm::filling::geom,TKGeomAlgo
GeomFill_Stretch,algorithm::filling::geom,TKGeomAlgo
GeomFill_Sweep,algorithm::filling::geom,TKGeomAlgo
GeomFill_SweepFunction,algorithm::filling::geom,TKGeomAlgo
GeomFill_SweepSectionGenerator,algorithm::filling::geom,TKGeomAlgo
GeomFill_Tensor,algorithm::filling::geom,TKGeomAlgo
GeomFill_TgtField,algorithm::filling::geom,TKGeomAlgo
GeomFill_TgtOnCoons,algorithm::filling::geom,TKGeomAlgo
GeomFill_TrihedronLaw,algorithm::filling::geom,TKGeomAlgo
GeomFill_TrihedronWithGuide,algorithm::filling::geom,TKGeomAlgo
GeomFill_UniformSection,algorithm::filling::geom,TKGeomAlgo
GeomInt,algorithm::intersect,TKGeomAlgo
GeomInt_BSpGradient_BFGSOfMyBSplGradientOfTheComputeLineOfWLApprox,algorithm::intersect,TKGeomAlgo
GeomInt_BSpParFunctionOfMyBSplGradientOfTheComputeLineOfWLApprox,algorithm::intersect,TKGeomAlgo
GeomInt_BSpParLeastSquareOfMyBSplGradientOfTheComputeLineOfWLApprox,algorithm::intersect,TKGeomAlgo
GeomInt_Gradient_BFGSOfMyGradientOfTheComputeLineBezierOfWLApprox,algorithm::intersect,TKGeomAlgo
GeomInt_Gradient_BFGSOfMyGradientbisOfTheComputeLineOfWLApprox,algorithm::intersect,TKGeomAlgo
GeomInt_IntSS,algorithm::intersect,TKGeomAlgo
GeomInt_LineConstructor,algorithm::intersect,TKGeomAlgo
GeomInt_LineTool,algorithm::intersect,TKGeomAlgo
GeomInt_MyBSplGradientOfTheComputeLineOfWLApprox,algorithm::intersect,TKGeomAlgo
GeomInt_MyGradientOfTheComputeLineBezierOfWLApprox,algorithm::intersect,TKGeomAlgo
GeomInt_MyGradientbisOfTheComputeLineOfWLApprox,algorithm::intersect,TKGeomAlgo
GeomInt_ParFunctionOfMyGradientOfTheComputeLineBezierOfWLApprox,algorithm::intersect,TKGeomAlgo
GeomInt_ParFunctionOfMyGradientbisOfTheComputeLineOfWLApprox,algorithm::intersect,TKGeomAlgo
GeomInt_ParLeastSquareOfMyGradientOfTheComputeLineBezierOfWLApprox,algorithm::intersect,TKGeomAlgo
GeomInt_ParLeastSquareOfMyGradientbisOfTheComputeLineOfWLApprox,algorithm::intersect,TKGeomAlgo
GeomInt_ParameterAndOrientation,algorithm::intersect,TKGeomAlgo
GeomInt_ResConstraintOfMyGradientOfTheComputeLineBezierOfWLApprox,algorithm::intersect,TKGeomAlgo
GeomInt_ResConstraintOfMyGradientbisOfTheComputeLineOfWLApprox,algorithm::intersect,TKGeomAlgo
GeomInt_TheComputeLineBezierOfWLApprox,algorithm::intersect,TKGeomAlgo
GeomInt_TheComputeLineOfWLApprox,algorithm::intersect,TKGeomAlgo
GeomInt_TheFunctionOfTheInt2SOfThePrmPrmSvSurfacesOfWLApprox,algorithm::intersect,TKGeomAlgo
GeomInt_TheImpPrmSvSurfacesOfWLApprox,algorithm::intersect,TKGeomAlgo
GeomInt_TheInt2SOfThePrmPrmSvSurfacesOfWLApprox,algorithm::intersect,TKGeomAlgo
GeomInt_TheMultiLineOfWLApprox,algorithm::intersect,TKGeomAlgo
GeomInt_TheMultiLineToolOfWLApprox,algorithm::intersect,TKGeomAlgo
GeomInt_ThePrmPrmSvSurfacesOfWLApprox,algorithm::intersect,TKGeomAlgo
GeomInt_TheZerImpFuncOfTheImpPrmSvSurfacesOfWLApprox,algorithm::intersect,TKGeomAlgo
GeomInt_WLApprox,algorithm::intersect,TKGeomAlgo
GeomPlate_Aij,algorithm::plate,TKGeomAlgo
GeomPlate_BuildAveragePlane,algorithm::plate,TKGeomAlgo
GeomPlate_BuildPlateSurface,algorithm::plate,TKGeomAlgo
GeomPlate_CurveConstraint,algorithm::plate,TKGeomAlgo
GeomPlate_MakeApprox,algorithm::plate,TKGeomAlgo
GeomPlate_PlateG0Criterion,algorithm::plate,TKGeomAlgo
GeomPlate_PlateG1Criterion,algorithm::plate,TKGeomAlgo
GeomPlate_PointConstraint,algorithm::plate,TKGeomAlgo
GeomPlate_Surface,algorithm::plate,TKGeomAlgo
HatchGen_Domain,algorithm::hatch::generator,TKGeomAlgo
HatchGen_IntersectionPoint,algorithm::hatch::generator,TKGeomAlgo
HatchGen_PointOnElement,algorithm::hatch::generator,TKGeomAlgo
HatchGen_PointOnHatching,algorithm::hatch::generator,TKGeomAlgo
Hatch_Hatcher,algorithm::hatch,TKGeomAlgo
Hatch_Line,algorithm::hatch,TKGeomAlgo
Hatch_Parameter,algorithm::hatch,TKGeomAlgo
IntCurveSurface_HInter,algorithm::intersect::curvesurface,TKGeomAlgo
IntCurveSurface_Intersection,algorithm::intersect::curvesurface,TKGeomAlgo
IntCurveSurface_IntersectionPoint,algorithm::intersect::curvesurface,TKGeomAlgo
IntCurveSurface_IntersectionSegment,algorithm::intersect::curvesurface,TKGeomAlgo
IntCurveSurface_TheCSFunctionOfHInter,algorithm::intersect::curvesurface,TKGeomAlgo
IntCurveSurface_TheExactHInter,algorithm::intersect::curvesurface,TKGeomAlgo
IntCurveSurface_TheHCurveTool,algorithm::intersect::curvesurface,TKGeomAlgo
IntCurveSurface_TheInterferenceOfHInter,algorithm::intersect::curvesurface,TKGeomAlgo
IntCurveSurface_ThePolygonOfHInter,algorithm::intersect::curvesurface,TKGeomAlgo
IntCurveSurface_ThePolygonToolOfHInter,algorithm::intersect::curvesurface,TKGeomAlgo
IntCurveSurface_ThePolyhedronOfHInter,algorithm::intersect::curvesurface,TKGeomAlgo
IntCurveSurface_ThePolyhedronToolOfHInter,algorithm::intersect::curvesurface,TKGeomAlgo
IntCurveSurface_TheQuadCurvExactHInter,algorithm::intersect::curvesurface,TKGeomAlgo
IntCurveSurface_TheQuadCurvFuncOfTheQuadCurvExactHInter,algorithm::intersect::curvesurface,TKGeomAlgo
IntCurve_IConicTool,algorithm::intersect::curve,TKGeomAlgo
IntCurve_IntConicConic,algorithm::intersect::curve,TKGeomAlgo
IntCurve_IntImpConicParConic,algorithm::intersect::curve,TKGeomAlgo
IntCurve_MyImpParToolOfIntImpConicParConic,algorithm::intersect::curve,TKGeomAlgo
IntCurve_PConic,algorithm::intersect::curve,TKGeomAlgo
IntCurve_PConicTool,algorithm::intersect::curve,TKGeomAlgo
IntCurve_ProjectOnPConicTool,algorithm::intersect::curve,TKGeomAlgo
IntImpParGen,algorithm::intersect::implicit,TKGeomAlgo
IntPatch_ALine,algorithm::intersect::patch,TKGeomAlgo
IntPatch_ALineToWLine,algorithm::intersect::patch,TKGeomAlgo
IntPatch_ArcFunction,algorithm::intersect::patch,TKGeomAlgo
IntPatch_CSFunction,algorithm::intersect::patch,TKGeomAlgo
IntPatch_CurvIntSurf,algorithm::intersect::patch,TKGeomAlgo
IntPatch_GLine,algorithm::intersect::patch,TKGeomAlgo
IntPatch_HCurve2dTool,algorithm::intersect::patch,TKGeomAlgo
IntPatch_HInterTool,algorithm::intersect::patch,TKGeomAlgo
IntPatch_ImpImpIntersection,algorithm::intersect::patch,TKGeomAlgo
IntPatch_ImpPrmIntersection,algorithm::intersect::patch,TKGeomAlgo
IntPatch_InterferencePolyhedron,algorithm::intersect::patch,TKGeomAlgo
IntPatch_Intersection,algorithm::intersect::patch,TKGeomAlgo
IntPatch_Line,algorithm::intersect::patch,TKGeomAlgo
IntPatch_LineConstructor,algorithm::intersect::patch,TKGeomAlgo
IntPatch_Point,algorithm::intersect::patch,TKGeomAlgo
IntPatch_PointLine,algorithm::intersect::patch,TKGeomAlgo
IntPatch_PolyArc,algorithm::intersect::patch,TKGeomAlgo
IntPatch_PolyLine,algorithm::intersect::patch,TKGeomAlgo
IntPatch_Polygo,algorithm::intersect::patch,TKGeomAlgo
IntPatch_Polyhedron,algorithm::intersect::patch,TKGeomAlgo
IntPatch_PolyhedronTool,algorithm::intersect::patch,TKGeomAlgo
IntPatch_PrmPrmIntersection,algorithm::intersect::patch,TKGeomAlgo
IntPatch_PrmPrmIntersection_T3Bits,algorithm::intersect::patch,TKGeomAlgo
IntPatch_RLine,algorithm::intersect::patch,TKGeomAlgo
IntPatch_RstInt,algorithm::intersect::patch,TKGeomAlgo
IntPatch_SpecialPoints,algorithm::intersect::patch,TKGeomAlgo
IntPatch_TheIWLineOfTheIWalking,algorithm::intersect::patch,TKGeomAlgo
IntPatch_TheIWalking,algorithm::intersect::patch,TKGeomAlgo
IntPatch_ThePathPointOfTheSOnBounds,algorithm::intersect::patch,TKGeomAlgo
IntPatch_TheSOnBounds,algorithm::intersect::patch,TKGeomAlgo
IntPatch_TheSearchInside,algorithm::intersect::patch,TKGeomAlgo
IntPatch_TheSegmentOfTheSOnBounds,algorithm::intersect::patch,TKGeomAlgo
IntPatch_TheSurfFunction,algorithm::intersect::patch,TKGeomAlgo
IntPatch_WLine,algorithm::intersect::patch,TKGeomAlgo
IntPatch_WLineTool,algorithm::intersect::patch,TKGeomAlgo
IntPolyh_Array,algorithm::intersect::polyhedral,TKGeomAlgo
IntPolyh_Couple,algorithm::intersect::polyhedral,TKGeomAlgo
IntPolyh_Edge,algorithm::intersect::polyhedral,TKGeomAlgo
IntPolyh_Intersection,algorithm::intersect::polyhedral,TKGeomAlgo
IntPolyh_MaillageAffinage,algorithm::intersect::polyhedral,TKGeomAlgo
IntPolyh_Point,algorithm::intersect::polyhedral,TKGeomAlgo
IntPolyh_SectionLine,algorithm::intersect::polyhedral,TKGeomAlgo
IntPolyh_StartPoint,algorithm::intersect::polyhedral,TKGeomAlgo
IntPolyh_Tools,algorithm::intersect::polyhedral,TKGeomAlgo
IntPolyh_Triangle,algorithm::intersect::polyhedral,TKGeomAlgo
IntRes2d_Domain,geometry2d::intersect::result,TKGeomAlgo
IntRes2d_Intersection,geometry2d::intersect::result,TKGeomAlgo
IntRes2d_IntersectionPoint,geometry2d::intersect::result,TKGeomAlgo
IntRes2d_IntersectionSegment,geometry2d::intersect::result,TKGeomAlgo
IntRes2d_Transition,geometry2d::intersect::result,TKGeomAlgo
IntStart_SITopolTool,algorithm::intersect::start,TKGeomAlgo
IntSurf,algorithm::intersect::surface,TKGeomAlgo
IntSurf_Couple,algorithm::intersect::surface,TKGeomAlgo
IntSurf_InteriorPoint,algorithm::intersect::surface,TKGeomAlgo
IntSurf_InteriorPointTool,algorithm::intersect::surface,TKGeomAlgo
IntSurf_LineOn2S,algorithm::intersect::surface,TKGeomAlgo
IntSurf_PathPoint,algorithm::intersect::surface,TKGeomAlgo
IntSurf_PathPointTool,algorithm::intersect::surface,TKGeomAlgo
IntSurf_PntOn2S,algorithm::intersect::surface,TKGeomAlgo
IntSurf_Quadric,algorithm::intersect::surface,TKGeomAlgo
IntSurf_QuadricTool,algorithm::intersect::surface,TKGeomAlgo
IntSurf_Transition,algorithm::intersect::surface,TKGeomAlgo
IntWalk_PWalking,algorithm::intersect::walk,TKGeomAlgo
IntWalk_TheFunctionOfTheInt2S,algorithm::intersect::walk,TKGeomAlgo
IntWalk_TheInt2S,algorithm::intersect::walk,TKGeomAlgo
Intf,algorithm::intersect::interference,TKGeomAlgo
Intf_Interference,algorithm::intersect::interference,TKGeomAlgo
Intf_InterferencePolygon2d,algorithm::intersect::interference,TKGeomAlgo
Intf_Polygon2d,algorithm::intersect::interference,TKGeomAlgo
Intf_SectionLine,algorithm::intersect::interference,TKGeomAlgo
Intf_SectionPoint,algorithm::intersect::interference,TKGeomAlgo
Intf_TangentZone,algorithm::intersect::interference,TKGeomAlgo
Intf_Tool,algorithm::intersect::interference,TKGeomAlgo
Law,algorithm::law,TKGeomAlgo
Law_BSpFunc,algorithm::law,TKGeomAlgo
Law_BSpline,algorithm::law,TKGeomAlgo
Law_BSplineKnotSplitting,algorithm::law,TKGeomAlgo
Law_Composite,algorithm::law,TKGeomAlgo
Law_Constant,algorithm::law,TKGeomAlgo
Law_Function,algorithm::law,TKGeomAlgo
Law_Interpol,algorithm::law,TKGeomAlgo
Law_Interpolate,algorithm::law,TKGeomAlgo
Law_Linear,algorithm::law,TKGeomAlgo
Law_S,algorithm::law,TKGeomAlgo
LocalAnalysis,algorithm::localanalysis,TKGeomAlgo
LocalAnalysis_CurveContinuity,algorithm::localanalysis,TKGeomAlgo
LocalAnalysis_SurfaceContinuity,algorithm::localanalysis,TKGeomAlgo
NLPlate_HGPPConstraint,algorithm::plate::nonlinear,TKGeomAlgo
NLPlate_HPG0Constraint,algorithm::plate::nonlinear,TKGeomAlgo
NLPlate_HPG0G1Constraint,algorithm::plate::nonlinear,TKGeomAlgo
NLPlate_HPG0G2Constraint,algorithm::plate::nonlinear,TKGeomAlgo
NLPlate_HPG0G3Constraint,algorithm::plate::nonlinear,TKGeomAlgo
NLPlate_HPG1Constraint,algorithm::plate::nonlinear,TKGeomAlgo
NLPlate_HPG2Constraint,algorithm::plate::nonlinear,TKGeomAlgo
NLPlate_HPG3Constraint,algorithm::plate::nonlinear,TKGeomAlgo
NLPlate_NLPlate,algorithm::plate::nonlinear,TKGeomAlgo
Plate_D1,algorithm::plate,TKGeomAlgo
Plate_D2,algorithm::plate,TKGeomAlgo
Plate_D3,algorithm::plate,TKGeomAlgo
Plate_FreeGtoCConstraint,algorithm::plate,TKGeomAlgo
Plate_GlobalTranslationConstraint,algorithm::plate,TKGeomAlgo
Plate_GtoCConstraint,algorithm::plate,TKGeomAlgo
Plate_LineConstraint,algorithm::plate,TKGeomAlgo
Plate_LinearScalarConstraint,algorithm::plate,TKGeomAlgo
Plate_LinearXYZConstraint,algorithm::plate,TKGeomAlgo
Plate_PinpointConstraint,algorithm::plate,TKGeomAlgo
Plate_PlaneConstraint,algorithm::plate,TKGeomAlgo
Plate_Plate,algorithm::plate,TKGeomAlgo
Plate_SampledCurveConstraint,algorithm::plate,TKGeomAlgo
TopTrans_CurveTransition,topology::transition,TKGeomAlgo
TopTrans_SurfaceTransition,topology::transition,TKGeomAlgo
AdvApp2Var_ApproxAFunc2Var,geometry::approximation::advanced,TKGeomBase
AdvApp2Var_ApproxF2var,geometry::approximation::advanced,TKGeomBase
AdvApp2Var_Context,geometry::approximation::advanced,TKGeomBase
AdvApp2Var_Criterion,geometry::approximation::advanced,TKGeomBase
AdvApp2Var_Data,geometry::approximation::advanced,TKGeomBase
AdvApp2Var_EvaluatorFunc2Var,geometry::approximation::advanced,TKGeomBase
AdvApp2Var_Framework,geometry::approximation::advanced,TKGeomBase
AdvApp2Var_Iso,geometry::approximation::advanced,TKGeomBase
AdvApp2Var_MathBase,geometry::approximation::advanced,TKGeomBase
AdvApp2Var_Network,geometry::approximation::advanced,TKGeomBase
AdvApp2Var_Node,geometry::approximation::advanced,TKGeomBase
AdvApp2Var_Patch,geometry::approximation::advanced,TKGeomBase
AdvApp2Var_SysBase,geometry::approximation::advanced,TKGeomBase
AppCont_Function,geometry::continuity,TKGeomBase
AppCont_LeastSquare,geometry::continuity,TKGeomBase
AppDef_BSpGradient_BFGSOfMyBSplGradientOfBSplineCompute,geometry::approximation::def,TKGeomBase
AppDef_BSpParFunctionOfMyBSplGradientOfBSplineCompute,geometry::approximation::def,TKGeomBase
AppDef_BSpParLeastSquareOfMyBSplGradientOfBSplineCompute,geometry::approximation::def,TKGeomBase
AppDef_BSplineCompute,geometry::approximation::def,TKGeomBase
AppDef_Compute,geometry::approximation::def,TKGeomBase
AppDef_Gradient_BFGSOfMyGradientOfCompute,geometry::approximation::def,TKGeomBase
AppDef_Gradient_BFGSOfMyGradientbisOfBSplineCompute,geometry::approximation::def,TKGeomBase
AppDef_Gradient_BFGSOfTheGradient,geometry::approximation::def,TKGeomBase
AppDef_LinearCriteria,geometry::approximation::def,TKGeomBase
AppDef_MultiLine,geometry::approximation::def,TKGeomBase
AppDef_MultiPointConstraint,geometry::approximation::def,TKGeomBase
AppDef_MyBSplGradientOfBSplineCompute,geometry::approximation::def,TKGeomBase
AppDef_MyGradientOfCompute,geometry::approximation::def,TKGeomBase
AppDef_MyGradientbisOfBSplineCompute,geometry::approximation::def,TKGeomBase
AppDef_MyLineTool,geometry::approximation::def,TKGeomBase
AppDef_ParFunctionOfMyGradientOfCompute,geometry::approximation::def,TKGeomBase
AppDef_ParFunctionOfMyGradientbisOfBSplineCompute,geometry::approximation::def,TKGeomBase
AppDef_ParFunctionOfTheGradient,geometry::approximation::def,TKGeomBase
AppDef_ParLeastSquareOfMyGradientOfCompute,geometry::approximation::def,TKGeomBase
AppDef_ParLeastSquareOfMyGradientbisOfBSplineCompute,geometry::approximation::def,TKGeomBase
AppDef_ParLeastSquareOfTheGradient,geometry::approximation::def,TKGeomBase
AppDef_ResConstraintOfMyGradientOfCompute,geometry::approximation::def,TKGeomBase
AppDef_ResConstraintOfMyGradientbisOfBSplineCompute,geometry::approximation::def,TKGeomBase
AppDef_ResConstraintOfTheGradient,geometry::approximation::def,TKGeomBase
AppDef_SmoothCriterion,geometry::approximation::def,TKGeomBase
AppDef_TheFunction,geometry::approximation::def,TKGeomBase
AppDef_TheGradient,geometry::approximation::def,TKGeomBase
AppDef_TheLeastSquares,geometry::approximation::def,TKGeomBase
AppDef_TheResol,geometry::approximation::def,TKGeomBase
AppDef_Variational,geometry::approximation::def,TKGeomBase
AppParCurves,geometry::approximation::curves,TKGeomBase
AppParCurves_ConstraintCouple,geometry::approximation::curves,TKGeomBase
AppParCurves_MultiBSpCurve,geometry::approximation::curves,TKGeomBase
AppParCurves_MultiCurve,geometry::approximation::curves,TKGeomBase
AppParCurves_MultiPoint,geometry::approximation::curves,TKGeomBase
Approx_Curve2d,geometry::approximation,TKGeomBase
Approx_Curve3d,geometry::approximation,TKGeomBase
Approx_CurveOnSurface,geometry::approximation,TKGeomBase
Approx_CurvilinearParameter,geometry::approximation,TKGeomBase
Approx_CurvlinFunc,geometry::approximation,TKGeomBase
Approx_FitAndDivide,geometry::approximation,TKGeomBase
Approx_FitAndDivide2d,geometry::approximation,TKGeomBase
Approx_MCurvesToBSpCurve,geometry::approximation,TKGeomBase
Approx_SameParameter,geometry::approximation,TKGeomBase
Approx_SweepApproximation,geometry::approximation,TKGeomBase
Approx_SweepFunction,geometry::approximation,TKGeomBase
BndLib,geometry::bounds::library,TKGeomBase
BndLib_Add2dCurve,geometry::bounds::library,TKGeomBase
BndLib_Add3dCurve,geometry::bounds::library,TKGeomBase
BndLib_AddSurface,geometry::bounds::library,TKGeomBase
CPnts_AbscissaPoint,geometry::curve::points,TKGeomBase
CPnts_MyGaussFunction,geometry::curve::points,TKGeomBase
CPnts_MyRootFunction,geometry::curve::points,TKGeomBase
CPnts_UniformDeflection,geometry::curve::points,TKGeomBase
Extrema_Curve2dTool,geometry::extrema,TKGeomBase
Extrema_CurveTool,geometry::extrema,TKGeomBase
Extrema_ExtCC,geometry::extrema,TKGeomBase
Extrema_ExtCC2d,geometry::extrema,TKGeomBase
Extrema_ExtCS,geometry::extrema,TKGeomBase
Extrema_ExtElC,geometry::extrema,TKGeomBase
Extrema_ExtElC2d,geometry::extrema,TKGeomBase
Extrema_ExtElCS,geometry::extrema,TKGeomBase
Extrema_ExtElSS,geometry::extrema,TKGeomBase
Extrema_ExtPElC,geometry::extrema,TKGeomBase
Extrema_ExtPElC2d,geometry::extrema,TKGeomBase
Extrema_ExtPElS,geometry::extrema,TKGeomBase
Extrema_ExtPExtS,geometry::extrema,TKGeomBase
Extrema_ExtPRevS,geometry::extrema,TKGeomBase
Extrema_ExtPS,geometry::extrema,TKGeomBase
Extrema_ExtSS,geometry::extrema,TKGeomBase
Extrema_FuncExtCS,geometry::extrema,TKGeomBase
Extrema_FuncExtSS,geometry::extrema,TKGeomBase
Extrema_FuncPSDist,geometry::extrema,TKGeomBase
Extrema_FuncPSNorm,geometry::extrema,TKGeomBase
Extrema_GCurveLocator,geometry::extrema,TKGeomBase
Extrema_GFuncExtCC,geometry::extrema,TKGeomBase
Extrema_GFuncExtPC,geometry::extrema,TKGeomBase
Extrema_GGExtPC,geometry::extrema,TKGeomBase
Extrema_GGenExtCC,geometry::extrema,TKGeomBase
Extrema_GGenExtPC,geometry::extrema,TKGeomBase
Extrema_GLocateExtPC,geometry::extrema,TKGeomBase
Extrema_GenExtCS,geometry::extrema,TKGeomBase
Extrema_GenExtPS,geometry::extrema,TKGeomBase
Extrema_GenExtSS,geometry::extrema,TKGeomBase
Extrema_GenLocateExtCC,geometry::extrema,TKGeomBase
Extrema_GenLocateExtCS,geometry::extrema,TKGeomBase
Extrema_GenLocateExtPC,geometry::extrema,TKGeomBase
Extrema_GenLocateExtPS,geometry::extrema,TKGeomBase
Extrema_GenLocateExtSS,geometry::extrema,TKGeomBase
Extrema_GlobOptFuncCQuadric,geometry::extrema,TKGeomBase
Extrema_GlobOptFuncCS,geometry::extrema,TKGeomBase
Extrema_GlobOptFuncConicS,geometry::extrema,TKGeomBase
Extrema_LocateExtCC,geometry::extrema,TKGeomBase
Extrema_LocateExtCC2d,geometry::extrema,TKGeomBase
Extrema_POnCurv,geometry::extrema,TKGeomBase
Extrema_POnCurv2d,geometry::extrema,TKGeomBase
Extrema_POnSurf,geometry::extrema,TKGeomBase
Extrema_POnSurfParams,geometry::extrema,TKGeomBase
FEmTool_Assembly,geometry::finiteelement,TKGeomBase
FEmTool_Curve,geometry::finiteelement,TKGeomBase
FEmTool_ElementaryCriterion,geometry::finiteelement,TKGeomBase
FEmTool_ElementsOfRefMatrix,geometry::finiteelement,TKGeomBase
FEmTool_LinearFlexion,geometry::finiteelement,TKGeomBase
FEmTool_LinearJerk,geometry::finiteelement,TKGeomBase
FEmTool_LinearTension,geometry::finiteelement,TKGeomBase
FEmTool_ProfileMatrix,geometry::finiteelement,TKGeomBase
FEmTool_SparseMatrix,geometry::finiteelement,TKGeomBase
GCE2d_MakeArcOfCircle,geometry2d::construct,TKGeomBase
GCE2d_MakeArcOfEllipse,geometry2d::construct,TKGeomBase
GCE2d_MakeArcOfHyperbola,geometry2d::construct,TKGeomBase
GCE2d_MakeArcOfParabola,geometry2d::construct,TKGeomBase
GCE2d_MakeCircle,geometry2d::construct,TKGeomBase
GCE2d_MakeEllipse,geometry2d::construct,TKGeomBase
GCE2d_MakeHyperbola,geometry2d::construct,TKGeomBase
GCE2d_MakeLine,geometry2d::construct,TKGeomBase
GCE2d_MakeMirror,geometry2d::construct,TKGeomBase
GCE2d_MakeParabola,geometry2d::construct,TKGeomBase
GCE2d_MakeRotation,geometry2d::construct,TKGeomBase
GCE2d_MakeScale,geometry2d::construct,TKGeomBase
GCE2d_MakeSegment,geometry2d::construct,TKGeomBase
GCE2d_MakeTranslation,geometry2d::construct,TKGeomBase
GCE2d_Root,geometry2d::construct,TKGeomBase
GCPnts_AbscissaPoint,geometry::construct::points,TKGeomBase
GCPnts_DistFunction,geometry::construct::points,TKGeomBase
GCPnts_DistFunction2d,geometry::construct::points,TKGeomBase
GCPnts_QuasiUniformAbscissa,geometry::construct::points,TKGeomBase
GCPnts_QuasiUniformDeflection,geometry::construct::points,TKGeomBase
GCPnts_TCurveTypes,geometry::construct::points,TKGeomBase
GCPnts_TangentialDeflection,geometry::construct::points,TKGeomBase
GCPnts_UniformAbscissa,geometry::construct::points,TKGeomBase
GCPnts_UniformDeflection,geometry::construct::points,TKGeomBase
GC_MakeArcOfCircle,geometry::construct,TKGeomBase
GC_MakeArcOfEllipse,geometry::construct,TKGeomBase
GC_MakeArcOfHyperbola,geometry::construct,TKGeomBase
GC_MakeArcOfParabola,geometry::construct,TKGeomBase
GC_MakeCircle,geometry::construct,TKGeomBase
GC_MakeConicalSurface,geometry::construct,TKGeomBase
GC_MakeCylindricalSurface,geometry::construct,TKGeomBase
GC_MakeEllipse,geometry::construct,TKGeomBase
GC_MakeHyperbola,geometry::construct,TKGeomBase
GC_MakeLine,geometry::construct,TKGeomBase
GC_MakeMirror,geometry::construct,TKGeomBase
GC_MakePlane,geometry::construct,TKGeomBase
GC_MakeRotation,geometry::construct,TKGeomBase
GC_MakeScale,geometry::construct,TKGeomBase
GC_MakeSegment,geometry::construct,TKGeomBase
GC_MakeTranslation,geometry::construct,TKGeomBase
GC_MakeTrimmedCone,geometry::construct,TKGeomBase
GC_MakeTrimmedCylinder,geometry::construct,TKGeomBase
GC_Root,geometry::construct,TKGeomBase
Geom2dConvert,geometry2d::convert,TKGeomBase
Geom2dConvert_ApproxArcsSegments,geometry2d::convert,TKGeomBase
Geom2dConvert_ApproxCurve,geometry2d::convert,TKGeomBase
Geom2dConvert_BSplineCurveKnotSplitting,geometry2d::convert,TKGeomBase
Geom2dConvert_BSplineCurveToBezierCurve,geometry2d::convert,TKGeomBase
Geom2dConvert_CompCurveToBSplineCurve,geometry2d::convert,TKGeomBase
Geom2dConvert_PPoint,geometry2d::convert,TKGeomBase
GeomConvert,geometry::convert,TKGeomBase
GeomConvert_ApproxCurve,geometry::convert,TKGeomBase
GeomConvert_ApproxSurface,geometry::convert,TKGeomBase
GeomConvert_BSplineCurveKnotSplitting,geometry::convert,TKGeomBase
GeomConvert_BSplineCurveToBezierCurve,geometry::convert,TKGeomBase
GeomConvert_BSplineSurfaceKnotSplitting,geometry::convert,TKGeomBase
GeomConvert_BSplineSurfaceToBezierSurface,geometry::convert,TKGeomBase
GeomConvert_CompBezierSurfacesToBSplineSurface,geometry::convert,TKGeomBase
GeomConvert_CompCurveToBSplineCurve,geometry::convert,TKGeomBase
GeomConvert_CurveToAnaCurve,geometry::convert,TKGeomBase
GeomConvert_FuncConeLSDist,geometry::convert,TKGeomBase
GeomConvert_FuncCylinderLSDist,geometry::convert,TKGeomBase
GeomConvert_FuncSphereLSDist,geometry::convert,TKGeomBase
GeomConvert_SurfToAnaSurf,geometry::convert,TKGeomBase
GeomConvert_Units,geometry::convert,TKGeomBase
GeomLib,geometry::library,TKGeomBase
GeomLib_Check2dBSplineCurve,geometry::library,TKGeomBase
GeomLib_CheckBSplineCurve,geometry::library,TKGeomBase
GeomLib_CheckCurveOnSurface,geometry::library,TKGeomBase
GeomLib_DenominatorMultiplier,geometry::library,TKGeomBase
GeomLib_Interpolate,geometry::library,TKGeomBase
GeomLib_IsPlanarSurface,geometry::library,TKGeomBase
GeomLib_LogSample,geometry::library,TKGeomBase
GeomLib_MakeCurvefromApprox,geometry::library,TKGeomBase
GeomLib_PolyFunc,geometry::library,TKGeomBase
GeomLib_Tool,geometry::library,TKGeomBase
GeomProjLib,geometry::projection,TKGeomBase
GeomTools,geometry::utils,TKGeomBase
GeomTools_Curve2dSet,geometry::utils,TKGeomBase
GeomTools_CurveSet,geometry::utils,TKGeomBase
GeomTools_SurfaceSet,geometry::utils,TKGeomBase
GeomTools_UndefinedTypeHandler,geometry::utils,TKGeomBase
Hermit,geometry::hermite,TKGeomBase
IntAna2d_AnaIntersection,geometry2d::intersect::analytical,TKGeomBase
IntAna2d_Conic,geometry2d::intersect::analytical,TKGeomBase
IntAna2d_IntPoint,geometry2d::intersect::analytical,TKGeomBase
IntAna_Curve,algorithm::intersect::analytical,TKGeomBase
IntAna_Int3Pln,algorithm::intersect::analytical,TKGeomBase
IntAna_IntConicQuad,algorithm::intersect::analytical,TKGeomBase
IntAna_IntLinTorus,algorithm::intersect::analytical,TKGeomBase
IntAna_IntQuadQuad,algorithm::intersect::analytical,TKGeomBase
IntAna_QuadQuadGeo,algorithm::intersect::analytical,TKGeomBase
IntAna_Quadric,algorithm::intersect::analytical,TKGeomBase
ProjLib,geometry::projection::library,TKGeomBase
ProjLib_CompProjectedCurve,geometry::projection::library,TKGeomBase
ProjLib_ComputeApprox,geometry::projection::library,TKGeomBase
ProjLib_ComputeApproxOnPolarSurface,geometry::projection::library,TKGeomBase
ProjLib_Cone,geometry::projection::library,TKGeomBase
ProjLib_Cylinder,geometry::projection::library,TKGeomBase
ProjLib_Plane,geometry::projection::library,TKGeomBase
ProjLib_PrjFunc,geometry::projection::library,TKGeomBase
ProjLib_PrjResolve,geometry::projection::library,TKGeomBase
ProjLib_ProjectOnPlane,geometry::projection::library,TKGeomBase
ProjLib_ProjectOnSurface,geometry::projection::library,TKGeomBase
ProjLib_ProjectedCurve,geometry::projection::library,TKGeomBase
ProjLib_Projector,geometry::projection::library,TKGeomBase
ProjLib_Sphere,geometry::projection::library,TKGeomBase
ProjLib_Torus,geometry::projection::library,TKGeomBase
gce_MakeCirc,geometry::construct::error,TKGeomBase
gce_MakeCirc2d,geometry::construct::error,TKGeomBase
gce_MakeCone,geometry::construct::error,TKGeomBase
gce_MakeCylinder,geometry::construct::error,TKGeomBase
gce_MakeDir,geometry::construct::error,TKGeomBase
gce_MakeDir2d,geometry::construct::error,TKGeomBase
gce_MakeElips,geometry::construct::error,TKGeomBase
gce_MakeElips2d,geometry::construct::error,TKGeomBase
gce_MakeHypr,geometry::construct::error,TKGeomBase
gce_MakeHypr2d,geometry::construct::error,TKGeomBase
gce_MakeLin,geometry::construct::error,TKGeomBase
gce_MakeLin2d,geometry::construct::error,TKGeomBase
gce_MakeMirror,geometry::construct::error,TKGeomBase
gce_MakeMirror2d,geometry::construct::error,TKGeomBase
gce_MakeParab,geometry::construct::error,TKGeomBase
gce_MakeParab2d,geometry::construct::error,TKGeomBase
gce_MakePln,geometry::construct::error,TKGeomBase
gce_MakeRotation,geometry::construct::error,TKGeomBase
gce_MakeRotation2d,geometry::construct::error,TKGeomBase
gce_MakeScale,geometry::construct::error,TKGeomBase
gce_MakeScale2d,geometry::construct::error,TKGeomBase
gce_MakeTranslation,geometry::construct::error,TKGeomBase
gce_MakeTranslation2d,geometry::construct::error,TKGeomBase
gce_Root,geometry::construct::error,TKGeomBase
Contap_ArcFunction,algorithm::contour,TKHLR
Contap_ContAna,algorithm::contour,TKHLR
Contap_Contour,algorithm::contour,TKHLR
Contap_HContTool,algorithm::contour,TKHLR
Contap_HCurve2dTool,algorithm::contour,TKHLR
Contap_Line,algorithm::contour,TKHLR
Contap_Point,algorithm::contour,TKHLR
Contap_SurfFunction,algorithm::contour,TKHLR
Contap_SurfProps,algorithm::contour,TKHLR
Contap_TheIWLineOfTheIWalking,algorithm::contour,TKHLR
Contap_TheIWalking,algorithm::contour,TKHLR
Contap_ThePathPointOfTheSearch,algorithm::contour,TKHLR
Contap_TheSearch,algorithm::contour,TKHLR
Contap_TheSearchInside,algorithm::contour,TKHLR
Contap_TheSegmentOfTheSearch,algorithm::contour,TKHLR
HLRAlgo,algorithm::hlr,TKHLR
HLRAlgo_BiPoint,algorithm::hlr,TKHLR
HLRAlgo_Coincidence,algorithm::hlr,TKHLR
HLRAlgo_EdgeIterator,algorithm::hlr,TKHLR
HLRAlgo_EdgeStatus,algorithm::hlr,TKHLR
HLRAlgo_EdgesBlock,algorithm::hlr,TKHLR
HLRAlgo_Interference,algorithm::hlr,TKHLR
HLRAlgo_Intersection,algorithm::hlr,TKHLR
HLRAlgo_PolyAlgo,algorithm::hlr,TKHLR
HLRAlgo_PolyData,algorithm::hlr,TKHLR
HLRAlgo_PolyHidingData,algorithm::hlr,TKHLR
HLRAlgo_PolyInternalData,algorithm::hlr,TKHLR
HLRAlgo_PolyInternalNode,algorithm::hlr,TKHLR
HLRAlgo_PolyShellData,algorithm::hlr,TKHLR
HLRAlgo_Projector,algorithm::hlr,TKHLR
HLRAlgo_WiresBlock,algorithm::hlr,TKHLR
HLRAppli_ReflectLines,algorithm::hlr::app,TKHLR
HLRBRep,algorithm::hlr::brep,TKHLR
HLRBRep_Algo,algorithm::hlr::brep,TKHLR
HLRBRep_AreaLimit,algorithm::hlr::brep,TKHLR
HLRBRep_BCurveTool,algorithm::hlr::brep,TKHLR
HLRBRep_BSurfaceTool,algorithm::hlr::brep,TKHLR
HLRBRep_BiPoint,algorithm::hlr::brep,TKHLR
HLRBRep_CInter,algorithm::hlr::brep,TKHLR
HLRBRep_CLProps,algorithm::hlr::brep,TKHLR
HLRBRep_CLPropsATool,algorithm::hlr::brep,TKHLR
HLRBRep_Curve,algorithm::hlr::brep,TKHLR
HLRBRep_CurveTool,algorithm::hlr::brep,TKHLR
HLRBRep_Data,algorithm::hlr::brep,TKHLR
HLRBRep_EdgeBuilder,algorithm::hlr::brep,TKHLR
HLRBRep_EdgeData,algorithm::hlr::brep,TKHLR
HLRBRep_EdgeFaceTool,algorithm::hlr::brep,TKHLR
HLRBRep_EdgeIList,algorithm::hlr::brep,TKHLR
HLRBRep_EdgeInterferenceTool,algorithm::hlr::brep,TKHLR
HLRBRep_ExactIntersectionPointOfTheIntPCurvePCurveOfCInter,algorithm::hlr::brep,TKHLR
HLRBRep_FaceData,algorithm::hlr::brep,TKHLR
HLRBRep_FaceIterator,algorithm::hlr::brep,TKHLR
HLRBRep_HLRToShape,algorithm::hlr::brep,TKHLR
HLRBRep_Hider,algorithm::hlr::brep,TKHLR
HLRBRep_IntConicCurveOfCInter,algorithm::hlr::brep,TKHLR
HLRBRep_InterCSurf,algorithm::hlr::brep,TKHLR
HLRBRep_InternalAlgo,algorithm::hlr::brep,TKHLR
HLRBRep_Intersector,algorithm::hlr::brep,TKHLR
HLRBRep_LineTool,algorithm::hlr::brep,TKHLR
HLRBRep_MyImpParToolOfTheIntersectorOfTheIntConicCurveOfCInter,algorithm::hlr::brep,TKHLR
HLRBRep_PolyAlgo,algorithm::hlr::brep,TKHLR
HLRBRep_PolyHLRToShape,algorithm::hlr::brep,TKHLR
HLRBRep_SLProps,algorithm::hlr::brep,TKHLR
HLRBRep_SLPropsATool,algorithm::hlr::brep,TKHLR
HLRBRep_ShapeBounds,algorithm::hlr::brep,TKHLR
HLRBRep_ShapeToHLR,algorithm::hlr::brep,TKHLR
HLRBRep_Surface,algorithm::hlr::brep,TKHLR
HLRBRep_SurfaceTool,algorithm::hlr::brep,TKHLR
HLRBRep_TheCSFunctionOfInterCSurf,algorithm::hlr::brep,TKHLR
HLRBRep_TheDistBetweenPCurvesOfTheIntPCurvePCurveOfCInter,algorithm::hlr::brep,TKHLR
HLRBRep_TheExactInterCSurf,algorithm::hlr::brep,TKHLR
HLRBRep_TheIntConicCurveOfCInter,algorithm::hlr::brep,TKHLR
HLRBRep_TheIntPCurvePCurveOfCInter,algorithm::hlr::brep,TKHLR
HLRBRep_TheInterferenceOfInterCSurf,algorithm::hlr::brep,TKHLR
HLRBRep_TheIntersectorOfTheIntConicCurveOfCInter,algorithm::hlr::brep,TKHLR
HLRBRep_ThePolygon2dOfTheIntPCurvePCurveOfCInter,algorithm::hlr::brep,TKHLR
HLRBRep_ThePolygonOfInterCSurf,algorithm::hlr::brep,TKHLR
HLRBRep_ThePolygonToolOfInterCSurf,algorithm::hlr::brep,TKHLR
HLRBRep_ThePolyhedronOfInterCSurf,algorithm::hlr::brep,TKHLR
HLRBRep_ThePolyhedronToolOfInterCSurf,algorithm::hlr::brep,TKHLR
HLRBRep_TheProjPCurOfCInter,algorithm::hlr::brep,TKHLR
HLRBRep_TheQuadCurvExactInterCSurf,algorithm::hlr::brep,TKHLR
HLRBRep_TheQuadCurvFuncOfTheQuadCurvExactInterCSurf,algorithm::hlr::brep,TKHLR
HLRBRep_VertexList,algorithm::hlr::brep,TKHLR
HLRTopoBRep_DSFiller,algorithm::hlr::topology,TKHLR
HLRTopoBRep_Data,algorithm::hlr::topology,TKHLR
HLRTopoBRep_FaceData,algorithm::hlr::topology,TKHLR
HLRTopoBRep_FaceIsoLiner,algorithm::hlr::topology,TKHLR
HLRTopoBRep_OutLiner,algorithm::hlr::topology,TKHLR
HLRTopoBRep_VData,algorithm::hlr::topology,TKHLR
Intrv_Interval,math::interval,TKHLR
Intrv_Intervals,math::interval,TKHLR
TopBas_TestInterference,topology::base,TKHLR
TopCnx_EdgeFaceTransition,topology::connection,TKHLR
HelixBRep_BuilderHelix,algorithm::helix,TKHelix
HelixGeom_BuilderApproxCurve,geometry::helix,TKHelix
HelixGeom_BuilderHelix,geometry::helix,TKHelix
HelixGeom_BuilderHelixCoil,geometry::helix,TKHelix
HelixGeom_BuilderHelixGen,geometry::helix,TKHelix
HelixGeom_HelixCurve,geometry::helix,TKHelix
HelixGeom_Tools,geometry::helix,TKHelix
IVtkOCC_SelectableObject,visual_excluded::occ,TKIVtk
IVtkOCC_Shape,visual_excluded::occ,TKIVtk
IVtkOCC_ShapeMesher,visual_excluded::occ,TKIVtk
IVtkOCC_ShapePickerAlgo,visual_excluded::occ,TKIVtk
IVtkOCC_ViewerSelector,visual_excluded::occ,TKIVtk
IVtkTools_DisplayModeFilter,visual_excluded::tools,TKIVtk
IVtkTools_ShapeDataSource,visual_excluded::tools,TKIVtk
IVtkTools_ShapeObject,visual_excluded::tools,TKIVtk
IVtkTools_ShapePicker,visual_excluded::tools,TKIVtk
IVtkTools_SubPolyDataFilter,visual_excluded::tools,TKIVtk
IVtkVTK_ShapeData,visual_excluded::vcore,TKIVtk
IVtkVTK_View,visual_excluded::vcore,TKIVtk
IVtk_IShape,visual_excluded,TKIVtk
IVtk_IShapeData,visual_excluded,TKIVtk
IVtk_IShapeMesher,visual_excluded,TKIVtk
IVtk_IShapePickerAlgo,visual_excluded,TKIVtk
IVtk_IView,visual_excluded,TKIVtk
IVtk_Interface,visual_excluded,TKIVtk
IVtkDraw,test::visual::vtk,TKIVtkDraw
IVtkDraw_HighlightAndSelectionPipeline,test::visual::vtk,TKIVtkDraw
IVtkDraw_Interactor,test::visual::vtk,TKIVtkDraw
AppStdL_Application,app::standard::lite,TKLCAF
TDF,app::framework,TKLCAF
TDF_Attribute,app::framework,TKLCAF
TDF_AttributeDelta,app::framework,TKLCAF
TDF_AttributeIterator,app::framework,TKLCAF
TDF_ChildIDIterator,app::framework,TKLCAF
TDF_ChildIterator,app::framework,TKLCAF
TDF_ClosureMode,app::framework,TKLCAF
TDF_ClosureTool,app::framework,TKLCAF
TDF_ComparisonTool,app::framework,TKLCAF
TDF_CopyLabel,app::framework,TKLCAF
TDF_CopyTool,app::framework,TKLCAF
TDF_Data,app::framework,TKLCAF
TDF_DataSet,app::framework,TKLCAF
TDF_DefaultDeltaOnModification,app::framework,TKLCAF
TDF_DefaultDeltaOnRemoval,app::framework,TKLCAF
TDF_Delta,app::framework,TKLCAF
TDF_DeltaOnAddition,app::framework,TKLCAF
TDF_DeltaOnForget,app::framework,TKLCAF
TDF_DeltaOnModification,app::framework,TKLCAF
TDF_DeltaOnRemoval,app::framework,TKLCAF
TDF_DeltaOnResume,app::framework,TKLCAF
TDF_DerivedAttribute,app::framework,TKLCAF
TDF_IDFilter,app::framework,TKLCAF
TDF_Label,app::framework,TKLCAF
TDF_LabelNode,app::framework,TKLCAF
TDF_Reference,app::framework,TKLCAF
TDF_RelocationTable,app::framework,TKLCAF
TDF_TagSource,app::framework,TKLCAF
TDF_Tool,app::framework,TKLCAF
TDF_Transaction,app::framework,TKLCAF
TDataStd,app::attribute,TKLCAF
TDataStd_AsciiString,app::attribute,TKLCAF
TDataStd_BooleanArray,app::attribute,TKLCAF
TDataStd_BooleanList,app::attribute,TKLCAF
TDataStd_ByteArray,app::attribute,TKLCAF
TDataStd_ChildNodeIterator,app::attribute,TKLCAF
TDataStd_Comment,app::attribute,TKLCAF
TDataStd_Current,app::attribute,TKLCAF
TDataStd_DeltaOnModificationOfByteArray,app::attribute,TKLCAF
TDataStd_DeltaOnModificationOfExtStringArray,app::attribute,TKLCAF
TDataStd_DeltaOnModificationOfIntArray,app::attribute,TKLCAF
TDataStd_DeltaOnModificationOfIntPackedMap,app::attribute,TKLCAF
TDataStd_DeltaOnModificationOfRealArray,app::attribute,TKLCAF
TDataStd_Directory,app::attribute,TKLCAF
TDataStd_Expression,app::attribute,TKLCAF
TDataStd_ExtStringArray,app::attribute,TKLCAF
TDataStd_ExtStringList,app::attribute,TKLCAF
TDataStd_GenericEmpty,app::attribute,TKLCAF
TDataStd_GenericExtString,app::attribute,TKLCAF
TDataStd_HDataMapOfStringByte,app::attribute,TKLCAF
TDataStd_HDataMapOfStringHArray1OfInteger,app::attribute,TKLCAF
TDataStd_HDataMapOfStringHArray1OfReal,app::attribute,TKLCAF
TDataStd_HDataMapOfStringInteger,app::attribute,TKLCAF
TDataStd_HDataMapOfStringReal,app::attribute,TKLCAF
TDataStd_HDataMapOfStringString,app::attribute,TKLCAF
TDataStd_IntPackedMap,app::attribute,TKLCAF
TDataStd_Integer,app::attribute,TKLCAF
TDataStd_IntegerArray,app::attribute,TKLCAF
TDataStd_IntegerList,app::attribute,TKLCAF
TDataStd_Name,app::attribute,TKLCAF
TDataStd_NamedData,app::attribute,TKLCAF
TDataStd_NoteBook,app::attribute,TKLCAF
TDataStd_Real,app::attribute,TKLCAF
TDataStd_RealArray,app::attribute,TKLCAF
TDataStd_RealList,app::attribute,TKLCAF
TDataStd_ReferenceArray,app::attribute,TKLCAF
TDataStd_ReferenceList,app::attribute,TKLCAF
TDataStd_Relation,app::attribute,TKLCAF
TDataStd_Tick,app::attribute,TKLCAF
TDataStd_TreeNode,app::attribute,TKLCAF
TDataStd_UAttribute,app::attribute,TKLCAF
TDataStd_Variable,app::attribute,TKLCAF
TDocStd,app::document,TKLCAF
TDocStd_Application,app::document,TKLCAF
TDocStd_ApplicationDelta,app::document,TKLCAF
TDocStd_CompoundDelta,app::document,TKLCAF
TDocStd_Context,app::document,TKLCAF
TDocStd_Document,app::document,TKLCAF
TDocStd_Modified,app::document,TKLCAF
TDocStd_MultiTransactionManager,app::document,TKLCAF
TDocStd_Owner,app::document,TKLCAF
TDocStd_PathParser,app::document,TKLCAF
TDocStd_XLink,app::document,TKLCAF
TDocStd_XLinkIterator,app::document,TKLCAF
TDocStd_XLinkRoot,app::document,TKLCAF
TDocStd_XLinkTool,app::document,TKLCAF
TFunction_Driver,app::function,TKLCAF
TFunction_DriverTable,app::function,TKLCAF
TFunction_Function,app::function,TKLCAF
TFunction_GraphNode,app::function,TKLCAF
TFunction_IFunction,app::function,TKLCAF
TFunction_Iterator,app::function,TKLCAF
TFunction_Logbook,app::function,TKLCAF
TFunction_Scope,app::function,TKLCAF
BRepMeshData_Curve,mesh::data::brep,TKMesh
BRepMeshData_Edge,mesh::data::brep,TKMesh
BRepMeshData_Face,mesh::data::brep,TKMesh
BRepMeshData_Model,mesh::data::brep,TKMesh
BRepMeshData_PCurve,mesh::data::brep,TKMesh
BRepMeshData_Wire,mesh::data::brep,TKMesh
BRepMesh_BaseMeshAlgo,mesh::generator,TKMesh
BRepMesh_BoundaryParamsRangeSplitter,mesh::generator,TKMesh
BRepMesh_Circle,mesh::generator,TKMesh
BRepMesh_CircleInspector,mesh::generator,TKMesh
BRepMesh_CircleTool,mesh::generator,TKMesh
BRepMesh_Classifier,mesh::generator,TKMesh
BRepMesh_ConeRangeSplitter,mesh::generator,TKMesh
BRepMesh_ConstrainedBaseMeshAlgo,mesh::generator,TKMesh
BRepMesh_Context,mesh::generator,TKMesh
BRepMesh_CurveTessellator,mesh::generator,TKMesh
BRepMesh_CustomBaseMeshAlgo,mesh::generator,TKMesh
BRepMesh_CustomDelaunayBaseMeshAlgo,mesh::generator,TKMesh
BRepMesh_CylinderRangeSplitter,mesh::generator,TKMesh
BRepMesh_DataStructureOfDelaun,mesh::generator,TKMesh
BRepMesh_DefaultRangeSplitter,mesh::generator,TKMesh
BRepMesh_Deflection,mesh::generator,TKMesh
BRepMesh_DelabellaBaseMeshAlgo,mesh::generator,TKMesh
BRepMesh_DelabellaMeshAlgoFactory,mesh::generator,TKMesh
BRepMesh_Delaun,mesh::generator,TKMesh
BRepMesh_DelaunayBaseMeshAlgo,mesh::generator,TKMesh
BRepMesh_DelaunayDeflectionControlMeshAlgo,mesh::generator,TKMesh
BRepMesh_DiscretFactory,mesh::generator,TKMesh
BRepMesh_DiscretRoot,mesh::generator,TKMesh
BRepMesh_Edge,mesh::generator,TKMesh
BRepMesh_EdgeDiscret,mesh::generator,TKMesh
BRepMesh_EdgeTessellationExtractor,mesh::generator,TKMesh
BRepMesh_ExtrusionRangeSplitter,mesh::generator,TKMesh
BRepMesh_FaceChecker,mesh::generator,TKMesh
BRepMesh_FaceDiscret,mesh::generator,TKMesh
BRepMesh_GeomTool,mesh::generator,TKMesh
BRepMesh_IncrementalMesh,mesh::generator,TKMesh
BRepMesh_MeshAlgoFactory,mesh::generator,TKMesh
BRepMesh_MeshTool,mesh::generator,TKMesh
BRepMesh_ModelBuilder,mesh::generator,TKMesh
BRepMesh_ModelHealer,mesh::generator,TKMesh
BRepMesh_ModelPostProcessor,mesh::generator,TKMesh
BRepMesh_ModelPreProcessor,mesh::generator,TKMesh
BRepMesh_NURBSRangeSplitter,mesh::generator,TKMesh
BRepMesh_PairOfIndex,mesh::generator,TKMesh
BRepMesh_SelectorOfDataStructureOfDelaun,mesh::generator,TKMesh
BRepMesh_ShapeTool,mesh::generator,TKMesh
BRepMesh_ShapeVisitor,mesh::generator,TKMesh
BRepMesh_SphereRangeSplitter,mesh::generator,TKMesh
BRepMesh_TorusRangeSplitter,mesh::generator,TKMesh
BRepMesh_Triangle,mesh::generator,TKMesh
BRepMesh_Triangulator,mesh::generator,TKMesh
BRepMesh_UVParamRangeSplitter,mesh::generator,TKMesh
BRepMesh_UndefinedRangeSplitter,mesh::generator,TKMesh
BRepMesh_Vertex,mesh::generator,TKMesh
BRepMesh_VertexTool,mesh::generator,TKMesh
IMeshData_Curve,mesh::interface,TKMesh
IMeshData_Edge,mesh::interface,TKMesh
IMeshData_Face,mesh::interface,TKMesh
IMeshData_Model,mesh::interface,TKMesh
IMeshData_PCurve,mesh::interface,TKMesh
IMeshData_ParametersList,mesh::interface,TKMesh
IMeshData_ParametersListArrayAdaptor,mesh::interface,TKMesh
IMeshData_Shape,mesh::interface,TKMesh
IMeshData_StatusOwner,mesh::interface,TKMesh
IMeshData_TessellatedShape,mesh::interface,TKMesh
IMeshData_Wire,mesh::interface,TKMesh
IMeshTools_Context,mesh::tools,TKMesh
IMeshTools_CurveTessellator,mesh::tools,TKMesh
IMeshTools_MeshAlgo,mesh::tools,TKMesh
IMeshTools_MeshAlgoFactory,mesh::tools,TKMesh
IMeshTools_MeshBuilder,mesh::tools,TKMesh
IMeshTools_ModelAlgo,mesh::tools,TKMesh
IMeshTools_ModelBuilder,mesh::tools,TKMesh
IMeshTools_ShapeExplorer,mesh::tools,TKMesh
IMeshTools_ShapeVisitor,mesh::tools,TKMesh
MeshVS_Buffer,visual::mesh,TKMeshVS
MeshVS_CommonSensitiveEntity,visual::mesh,TKMeshVS
MeshVS_DataSource,visual::mesh,TKMeshVS
MeshVS_DataSource3D,visual::mesh,TKMeshVS
MeshVS_DeformedDataSource,visual::mesh,TKMeshVS
MeshVS_Drawer,visual::mesh,TKMeshVS
MeshVS_DummySensitiveEntity,visual::mesh,TKMeshVS
MeshVS_ElementalColorPrsBuilder,visual::mesh,TKMeshVS
MeshVS_Mesh,visual::mesh,TKMeshVS
MeshVS_MeshEntityOwner,visual::mesh,TKMeshVS
MeshVS_MeshOwner,visual::mesh,TKMeshVS
MeshVS_MeshPrsBuilder,visual::mesh,TKMeshVS
MeshVS_NodalColorPrsBuilder,visual::mesh,TKMeshVS
MeshVS_PrsBuilder,visual::mesh,TKMeshVS
MeshVS_SensitiveFace,visual::mesh,TKMeshVS
MeshVS_SensitiveMesh,visual::mesh,TKMeshVS
MeshVS_SensitivePolyhedron,visual::mesh,TKMeshVS
MeshVS_SensitiveQuad,visual::mesh,TKMeshVS
MeshVS_SensitiveSegment,visual::mesh,TKMeshVS
MeshVS_TextPrsBuilder,visual::mesh,TKMeshVS
MeshVS_Tool,visual::mesh,TKMeshVS
MeshVS_VectorPrsBuilder,visual::mesh,TKMeshVS
BRepOffset,algorithm::offset::internal,TKOffset
BRepOffsetAPI_DraftAngle,algorithm::offset,TKOffset
BRepOffsetAPI_FindContigousEdges,algorithm::offset,TKOffset
BRepOffsetAPI_MakeDraft,algorithm::offset,TKOffset
BRepOffsetAPI_MakeEvolved,algorithm::offset,TKOffset
BRepOffsetAPI_MakeFilling,algorithm::offset,TKOffset
BRepOffsetAPI_MakeOffset,algorithm::offset,TKOffset
BRepOffsetAPI_MakeOffsetShape,algorithm::offset,TKOffset
BRepOffsetAPI_MakePipe,algorithm::offset,TKOffset
BRepOffsetAPI_MakePipeShell,algorithm::offset,TKOffset
BRepOffsetAPI_MakeThickSolid,algorithm::offset,TKOffset
BRepOffsetAPI_MiddlePath,algorithm::offset,TKOffset
BRepOffsetAPI_NormalProjection,algorithm::offset,TKOffset
BRepOffsetAPI_ThruSections,algorithm::offset,TKOffset
BRepOffset_Analyse,algorithm::offset::internal,TKOffset
BRepOffset_Inter2d,algorithm::offset::internal,TKOffset
BRepOffset_Inter3d,algorithm::offset::internal,TKOffset
BRepOffset_Interval,algorithm::offset::internal,TKOffset
BRepOffset_MakeLoops,algorithm::offset::internal,TKOffset
BRepOffset_MakeOffset,algorithm::offset::internal,TKOffset
BRepOffset_MakeSimpleOffset,algorithm::offset::internal,TKOffset
BRepOffset_Offset,algorithm::offset::internal,TKOffset
BRepOffset_SimpleOffset,algorithm::offset::internal,TKOffset
BRepOffset_Tool,algorithm::offset::internal,TKOffset
BiTgte_Blend,algorithm::blend::tangent,TKOffset
BiTgte_CurveOnEdge,algorithm::blend::tangent,TKOffset
BiTgte_CurveOnVertex,algorithm::blend::tangent,TKOffset
Draft,algorithm::draft,TKOffset
Draft_EdgeInfo,algorithm::draft,TKOffset
Draft_FaceInfo,algorithm::draft,TKOffset
Draft_Modification,algorithm::draft,TKOffset
Draft_VertexInfo,algorithm::draft,TKOffset
OpenGlTest,test::visual::gl,TKOpenGlTest
OpenGl_Aspects,visual::render::gl,TKOpenGles
OpenGl_AspectsProgram,visual::render::gl,TKOpenGles
OpenGl_AspectsSprite,visual::render::gl,TKOpenGles
OpenGl_AspectsTextureSet,visual::render::gl,TKOpenGles
OpenGl_BackgroundArray,visual::render::gl,TKOpenGles
OpenGl_Buffer,visual::render::gl,TKOpenGles
OpenGl_CappingAlgo,visual::render::gl,TKOpenGles
OpenGl_CappingPlaneResource,visual::render::gl,TKOpenGles
OpenGl_Caps,visual::render::gl,TKOpenGles
OpenGl_Clipping,visual::render::gl,TKOpenGles
OpenGl_ClippingIterator,visual::render::gl,TKOpenGles
OpenGl_Context,visual::render::gl,TKOpenGles
OpenGl_DepthPeeling,visual::render::gl,TKOpenGles
OpenGl_Element,visual::render::gl,TKOpenGles
OpenGl_Flipper,visual::render::gl,TKOpenGles
OpenGl_Font,visual::render::gl,TKOpenGles
OpenGl_FrameBuffer,visual::render::gl,TKOpenGles
OpenGl_FrameStats,visual::render::gl,TKOpenGles
OpenGl_FrameStatsPrs,visual::render::gl,TKOpenGles
OpenGl_GraduatedTrihedron,visual::render::gl,TKOpenGles
OpenGl_GraphicDriver,visual::render::gl,TKOpenGles
OpenGl_GraphicDriverFactory,visual::render::gl,TKOpenGles
OpenGl_Group,visual::render::gl,TKOpenGles
OpenGl_IndexBuffer,visual::render::gl,TKOpenGles
OpenGl_LayerList,visual::render::gl,TKOpenGles
OpenGl_LineAttributes,visual::render::gl,TKOpenGles
OpenGl_NamedResource,visual::render::gl,TKOpenGles
OpenGl_PBREnvironment,visual::render::gl,TKOpenGles
OpenGl_PointSprite,visual::render::gl,TKOpenGles
OpenGl_PrimitiveArray,visual::render::gl,TKOpenGles
OpenGl_Resource,visual::render::gl,TKOpenGles
OpenGl_Sampler,visual::render::gl,TKOpenGles
OpenGl_ShaderManager,visual::render::gl,TKOpenGles
OpenGl_ShaderObject,visual::render::gl,TKOpenGles
OpenGl_ShaderProgram,visual::render::gl,TKOpenGles
OpenGl_ShadowMap,visual::render::gl,TKOpenGles
OpenGl_StencilTest,visual::render::gl,TKOpenGles
OpenGl_Structure,visual::render::gl,TKOpenGles
OpenGl_StructureShadow,visual::render::gl,TKOpenGles
OpenGl_Text,visual::render::gl,TKOpenGles
OpenGl_TextBuilder,visual::render::gl,TKOpenGles
OpenGl_Texture,visual::render::gl,TKOpenGles
OpenGl_TextureBuffer,visual::render::gl,TKOpenGles
OpenGl_TextureFormat,visual::render::gl,TKOpenGles
OpenGl_TextureSet,visual::render::gl,TKOpenGles
OpenGl_TextureSetPairIterator,visual::render::gl,TKOpenGles
OpenGl_TileSampler,visual::render::gl,TKOpenGles
OpenGl_UniformBuffer,visual::render::gl,TKOpenGles
OpenGl_VertexBuffer,visual::render::gl,TKOpenGles
OpenGl_View,visual::render::gl,TKOpenGles
OpenGl_Window,visual::render::gl,TKOpenGles
OpenGl_Workspace,visual::render::gl,TKOpenGles
BRepPreviewAPI_MakeBox,algorithm::preview,TKPrim
BRepPrimAPI_MakeBox,algorithm::primitive,TKPrim
BRepPrimAPI_MakeCone,algorithm::primitive,TKPrim
BRepPrimAPI_MakeCylinder,algorithm::primitive,TKPrim
BRepPrimAPI_MakeHalfSpace,algorithm::primitive,TKPrim
BRepPrimAPI_MakeOneAxis,algorithm::primitive,TKPrim
BRepPrimAPI_MakePrism,algorithm::primitive,TKPrim
BRepPrimAPI_MakeRevol,algorithm::primitive,TKPrim
BRepPrimAPI_MakeRevolution,algorithm::primitive,TKPrim
BRepPrimAPI_MakeSphere,algorithm::primitive,TKPrim
BRepPrimAPI_MakeSweep,algorithm::primitive,TKPrim
BRepPrimAPI_MakeTorus,algorithm::primitive,TKPrim
BRepPrimAPI_MakeWedge,algorithm::primitive,TKPrim
BRepPrim_Builder,model::primitive::internal,TKPrim
BRepPrim_Cone,model::primitive::internal,TKPrim
BRepPrim_Cylinder,model::primitive::internal,TKPrim
BRepPrim_FaceBuilder,model::primitive::internal,TKPrim
BRepPrim_GWedge,model::primitive::internal,TKPrim
BRepPrim_OneAxis,model::primitive::internal,TKPrim
BRepPrim_Revolution,model::primitive::internal,TKPrim
BRepPrim_Sphere,model::primitive::internal,TKPrim
BRepPrim_Torus,model::primitive::internal,TKPrim
BRepPrim_Wedge,model::primitive::internal,TKPrim
BRepSweep_Builder,algorithm::sweep,TKPrim
BRepSweep_Iterator,algorithm::sweep,TKPrim
BRepSweep_NumLinearRegularSweep,algorithm::sweep,TKPrim
BRepSweep_Prism,algorithm::sweep,TKPrim
BRepSweep_Revol,algorithm::sweep,TKPrim
BRepSweep_Rotation,algorithm::sweep,TKPrim
BRepSweep_Tool,algorithm::sweep,TKPrim
BRepSweep_Translation,algorithm::sweep,TKPrim
BRepSweep_Trsf,algorithm::sweep,TKPrim
Sweep_NumShape,algorithm::sweep,TKPrim
Sweep_NumShapeIterator,algorithm::sweep,TKPrim
Sweep_NumShapeTool,algorithm::sweep,TKPrim
QABugs,test::qa,TKQADraw
QABugs_PresentableObject,test::qa,TKQADraw
QADNaming,test::app::naming::qa,TKQADraw
QADraw,test::draw::qa,TKQADraw
RWMesh,exchange::mesh::rw,TKRWMesh
RWMesh_CafReader,exchange::mesh::rw,TKRWMesh
RWMesh_CoordinateSystemConverter,exchange::mesh::rw,TKRWMesh
RWMesh_EdgeIterator,exchange::mesh::rw,TKRWMesh
RWMesh_FaceIterator,exchange::mesh::rw,TKRWMesh
RWMesh_MaterialMap,exchange::mesh::rw,TKRWMesh
RWMesh_ShapeIterator,exchange::mesh::rw,TKRWMesh
RWMesh_TriangulationReader,exchange::mesh::rw,TKRWMesh
RWMesh_TriangulationSource,exchange::mesh::rw,TKRWMesh
RWMesh_VertexIterator,exchange::mesh::rw,TKRWMesh
Aspect_Background,visual::aspect,TKService
Aspect_CircularGrid,visual::aspect,TKService
Aspect_DisplayConnection,visual::aspect,TKService
Aspect_DisplayConnectionDefinitionError,visual::aspect,TKService
Aspect_FrustumLRBT,visual::aspect,TKService
Aspect_GenId,visual::aspect,TKService
Aspect_GradientBackground,visual::aspect,TKService
Aspect_GraphicDeviceDefinitionError,visual::aspect,TKService
Aspect_Grid,visual::aspect,TKService
Aspect_IdentDefinitionError,visual::aspect,TKService
Aspect_NeutralWindow,visual::aspect,TKService
Aspect_OpenVRSession,visual::aspect,TKService
Aspect_RectangularGrid,visual::aspect,TKService
Aspect_SkydomeBackground,visual::aspect,TKService
Aspect_VKeySet,visual::aspect,TKService
Aspect_Window,visual::aspect,TKService
Aspect_WindowDefinitionError,visual::aspect,TKService
Aspect_WindowInputListener,visual::aspect,TKService
Aspect_XRSession,visual::aspect,TKService
Cocoa_Window,visual::cocoa,TKService
Font_FTFont,media::font,TKService
Font_FTLibrary,media::font,TKService
Font_FontMgr,media::font,TKService
Font_SystemFont,media::font,TKService
Font_TextFormatter,media::font,TKService
Graphic3d_ArrayOfPoints,visual::graphic,TKService
Graphic3d_ArrayOfPolygons,visual::graphic,TKService
Graphic3d_ArrayOfPolylines,visual::graphic,TKService
Graphic3d_ArrayOfPrimitives,visual::graphic,TKService
Graphic3d_ArrayOfQuadrangleStrips,visual::graphic,TKService
Graphic3d_ArrayOfQuadrangles,visual::graphic,TKService
Graphic3d_ArrayOfSegments,visual::graphic,TKService
Graphic3d_ArrayOfTriangleFans,visual::graphic,TKService
Graphic3d_ArrayOfTriangleStrips,visual::graphic,TKService
Graphic3d_ArrayOfTriangles,visual::graphic,TKService
Graphic3d_AspectFillArea3d,visual::graphic,TKService
Graphic3d_AspectLine3d,visual::graphic,TKService
Graphic3d_AspectMarker3d,visual::graphic,TKService
Graphic3d_AspectText3d,visual::graphic,TKService
Graphic3d_Aspects,visual::graphic,TKService
Graphic3d_AttribBuffer,visual::graphic,TKService
Graphic3d_BSDF,visual::graphic,TKService
Graphic3d_BoundBuffer,visual::graphic,TKService
Graphic3d_Buffer,visual::graphic,TKService
Graphic3d_BvhCStructureSet,visual::graphic,TKService
Graphic3d_BvhCStructureSetTrsfPers,visual::graphic,TKService
Graphic3d_CLight,visual::graphic,TKService
Graphic3d_CStructure,visual::graphic,TKService
Graphic3d_CView,visual::graphic,TKService
Graphic3d_Camera,visual::graphic,TKService
Graphic3d_CameraTile,visual::graphic,TKService
Graphic3d_ClipPlane,visual::graphic,TKService
Graphic3d_CubeMap,visual::graphic,TKService
Graphic3d_CubeMapOrder,visual::graphic,TKService
Graphic3d_CubeMapPacked,visual::graphic,TKService
Graphic3d_CubeMapSeparate,visual::graphic,TKService
Graphic3d_CullingTool,visual::graphic,TKService
Graphic3d_DataStructureManager,visual::graphic,TKService
Graphic3d_FrameStats,visual::graphic,TKService
Graphic3d_FrameStatsData,visual::graphic,TKService
Graphic3d_GraduatedTrihedron,visual::graphic,TKService
Graphic3d_GraphicDriver,visual::graphic,TKService
Graphic3d_GraphicDriverFactory,visual::graphic,TKService
Graphic3d_Group,visual::graphic,TKService
Graphic3d_GroupDefinitionError,visual::graphic,TKService
Graphic3d_HatchStyle,visual::graphic,TKService
Graphic3d_IndexBuffer,visual::graphic,TKService
Graphic3d_Layer,visual::graphic,TKService
Graphic3d_LightSet,visual::graphic,TKService
Graphic3d_MarkerImage,visual::graphic,TKService
Graphic3d_MaterialAspect,visual::graphic,TKService
Graphic3d_MaterialDefinitionError,visual::graphic,TKService
Graphic3d_MediaTexture,visual::graphic,TKService
Graphic3d_MediaTextureSet,visual::graphic,TKService
Graphic3d_MutableIndexBuffer,visual::graphic,TKService
Graphic3d_PBRMaterial,visual::graphic,TKService
Graphic3d_PresentationAttributes,visual::graphic,TKService
Graphic3d_PriorityDefinitionError,visual::graphic,TKService
Graphic3d_RenderingParams,visual::graphic,TKService
Graphic3d_SequenceOfHClipPlane,visual::graphic,TKService
Graphic3d_ShaderAttribute,visual::graphic,TKService
Graphic3d_ShaderManager,visual::graphic,TKService
Graphic3d_ShaderObject,visual::graphic,TKService
Graphic3d_ShaderProgram,visual::graphic,TKService
Graphic3d_ShaderVariable,visual::graphic,TKService
Graphic3d_Structure,visual::graphic,TKService
Graphic3d_StructureDefinitionError,visual::graphic,TKService
Graphic3d_StructureManager,visual::graphic,TKService
Graphic3d_Text,visual::graphic,TKService
Graphic3d_Texture1D,visual::graphic,TKService
Graphic3d_Texture1Dmanual,visual::graphic,TKService
Graphic3d_Texture1Dsegment,visual::graphic,TKService
Graphic3d_Texture2D,visual::graphic,TKService
Graphic3d_Texture2Dplane,visual::graphic,TKService
Graphic3d_Texture3D,visual::graphic,TKService
Graphic3d_TextureEnv,visual::graphic,TKService
Graphic3d_TextureMap,visual::graphic,TKService
Graphic3d_TextureParams,visual::graphic,TKService
Graphic3d_TextureRoot,visual::graphic,TKService
Graphic3d_TextureSet,visual::graphic,TKService
Graphic3d_TransformPers,visual::graphic,TKService
Graphic3d_TransformPersScaledAbove,visual::graphic,TKService
Graphic3d_Vertex,visual::graphic,TKService
Graphic3d_ViewAffinity,visual::graphic,TKService
Graphic3d_WorldViewProjState,visual::graphic,TKService
Image_AlienPixMap,media::image,TKService
Image_CompressedPixMap,media::image,TKService
Image_DDSParser,media::image,TKService
Image_Diff,media::image,TKService
Image_PixMap,media::image,TKService
Image_PixMapData,media::image,TKService
Image_SupportedFormats,media::image,TKService
Image_Texture,media::image,TKService
Image_VideoRecorder,media::image,TKService
Media_BufferPool,media,TKService
Media_CodecContext,media,TKService
Media_FormatContext,media,TKService
Media_Frame,media,TKService
Media_IFrameQueue,media,TKService
Media_Packet,media,TKService
Media_PlayerContext,media,TKService
Media_Scaler,media,TKService
Media_Timer,media,TKService
WNT_ClassDefinitionError,visual::windows,TKService
WNT_HIDSpaceMouse,visual::windows,TKService
WNT_WClass,visual::windows,TKService
WNT_Window,visual::windows,TKService
Wasm_Window,web::wasm,TKService
Xw_Window,visual::x11,TKService
ShapeAlgo,algorithm::shape,TKShHealing
ShapeAlgo_AlgoContainer,algorithm::shape,TKShHealing
ShapeAlgo_ToolContainer,algorithm::shape,TKShHealing
ShapeAnalysis,algorithm::analysis,TKShHealing
ShapeAnalysis_CanonicalRecognition,algorithm::analysis,TKShHealing
ShapeAnalysis_CheckSmallFace,algorithm::analysis,TKShHealing
ShapeAnalysis_Curve,algorithm::analysis,TKShHealing
ShapeAnalysis_Edge,algorithm::analysis,TKShHealing
ShapeAnalysis_FreeBoundData,algorithm::analysis,TKShHealing
ShapeAnalysis_FreeBounds,algorithm::analysis,TKShHealing
ShapeAnalysis_FreeBoundsProperties,algorithm::analysis,TKShHealing
ShapeAnalysis_Geom,algorithm::analysis,TKShHealing
ShapeAnalysis_ShapeContents,algorithm::analysis,TKShHealing
ShapeAnalysis_ShapeTolerance,algorithm::analysis,TKShHealing
ShapeAnalysis_Shell,algorithm::analysis,TKShHealing
ShapeAnalysis_Surface,algorithm::analysis,TKShHealing
ShapeAnalysis_TransferParameters,algorithm::analysis,TKShHealing
ShapeAnalysis_TransferParametersProj,algorithm::analysis,TKShHealing
ShapeAnalysis_Wire,algorithm::analysis,TKShHealing
ShapeAnalysis_WireOrder,algorithm::analysis,TKShHealing
ShapeAnalysis_WireVertex,algorithm::analysis,TKShHealing
ShapeBuild,algorithm::shapebuild,TKShHealing
ShapeBuild_Edge,algorithm::shapebuild,TKShHealing
ShapeBuild_ReShape,algorithm::shapebuild,TKShHealing
ShapeBuild_Vertex,algorithm::shapebuild,TKShHealing
ShapeConstruct,algorithm::construct,TKShHealing
ShapeConstruct_Curve,algorithm::construct,TKShHealing
ShapeConstruct_MakeTriangulation,algorithm::construct,TKShHealing
ShapeConstruct_ProjectCurveOnSurface,algorithm::construct,TKShHealing
ShapeCustom,algorithm::custom,TKShHealing
ShapeCustom_BSplineRestriction,algorithm::custom,TKShHealing
ShapeCustom_ConvertToBSpline,algorithm::custom,TKShHealing
ShapeCustom_ConvertToRevolution,algorithm::custom,TKShHealing
ShapeCustom_Curve,algorithm::custom,TKShHealing
ShapeCustom_Curve2d,algorithm::custom,TKShHealing
ShapeCustom_DirectModification,algorithm::custom,TKShHealing
ShapeCustom_Modification,algorithm::custom,TKShHealing
ShapeCustom_RestrictionParameters,algorithm::custom,TKShHealing
ShapeCustom_Surface,algorithm::custom,TKShHealing
ShapeCustom_SweptToElementary,algorithm::custom,TKShHealing
ShapeCustom_TrsfModification,algorithm::custom,TKShHealing
ShapeExtend,algorithm::extend,TKShHealing
ShapeExtend_BasicMsgRegistrator,algorithm::extend,TKShHealing
ShapeExtend_ComplexCurve,algorithm::extend,TKShHealing
ShapeExtend_CompositeSurface,algorithm::extend,TKShHealing
ShapeExtend_Explorer,algorithm::extend,TKShHealing
ShapeExtend_MsgRegistrator,algorithm::extend,TKShHealing
ShapeExtend_WireData,algorithm::extend,TKShHealing
ShapeFix,algorithm::repair,TKShHealing
ShapeFix_ComposeShell,algorithm::repair,TKShHealing
ShapeFix_Edge,algorithm::repair,TKShHealing
ShapeFix_EdgeConnect,algorithm::repair,TKShHealing
ShapeFix_EdgeProjAux,algorithm::repair,TKShHealing
ShapeFix_Face,algorithm::repair,TKShHealing
ShapeFix_FaceConnect,algorithm::repair,TKShHealing
ShapeFix_FixSmallFace,algorithm::repair,TKShHealing
ShapeFix_FixSmallSolid,algorithm::repair,TKShHealing
ShapeFix_FreeBounds,algorithm::repair,TKShHealing
ShapeFix_IntersectionTool,algorithm::repair,TKShHealing
ShapeFix_Root,algorithm::repair,TKShHealing
ShapeFix_Shape,algorithm::repair,TKShHealing
ShapeFix_ShapeTolerance,algorithm::repair,TKShHealing
ShapeFix_Shell,algorithm::repair,TKShHealing
ShapeFix_Solid,algorithm::repair,TKShHealing
ShapeFix_SplitCommonVertex,algorithm::repair,TKShHealing
ShapeFix_SplitTool,algorithm::repair,TKShHealing
ShapeFix_Wire,algorithm::repair,TKShHealing
ShapeFix_WireSegment,algorithm::repair,TKShHealing
ShapeFix_WireVertex,algorithm::repair,TKShHealing
ShapeFix_Wireframe,algorithm::repair,TKShHealing
ShapeProcess,algorithm::process,TKShHealing
ShapeProcessAPI_ApplySequence,algorithm::process::api,TKShHealing
ShapeProcess_Context,algorithm::process,TKShHealing
ShapeProcess_OperLibrary,algorithm::process,TKShHealing
ShapeProcess_Operator,algorithm::process,TKShHealing
ShapeProcess_ShapeContext,algorithm::process,TKShHealing
ShapeProcess_UOperator,algorithm::process,TKShHealing
ShapeUpgrade,algorithm::upgrade,TKShHealing
ShapeUpgrade_ClosedEdgeDivide,algorithm::upgrade,TKShHealing
ShapeUpgrade_ClosedFaceDivide,algorithm::upgrade,TKShHealing
ShapeUpgrade_ConvertCurve2dToBezier,algorithm::upgrade,TKShHealing
ShapeUpgrade_ConvertCurve3dToBezier,algorithm::upgrade,TKShHealing
ShapeUpgrade_ConvertSurfaceToBezierBasis,algorithm::upgrade,TKShHealing
ShapeUpgrade_EdgeDivide,algorithm::upgrade,TKShHealing
ShapeUpgrade_FaceDivide,algorithm::upgrade,TKShHealing
ShapeUpgrade_FaceDivideArea,algorithm::upgrade,TKShHealing
ShapeUpgrade_FixSmallBezierCurves,algorithm::upgrade,TKShHealing
ShapeUpgrade_FixSmallCurves,algorithm::upgrade,TKShHealing
ShapeUpgrade_RemoveInternalWires,algorithm::upgrade,TKShHealing
ShapeUpgrade_RemoveLocations,algorithm::upgrade,TKShHealing
ShapeUpgrade_ShapeConvertToBezier,algorithm::upgrade,TKShHealing
ShapeUpgrade_ShapeDivide,algorithm::upgrade,TKShHealing
ShapeUpgrade_ShapeDivideAngle,algorithm::upgrade,TKShHealing
ShapeUpgrade_ShapeDivideArea,algorithm::upgrade,TKShHealing
ShapeUpgrade_ShapeDivideClosed,algorithm::upgrade,TKShHealing
ShapeUpgrade_ShapeDivideClosedEdges,algorithm::upgrade,TKShHealing
ShapeUpgrade_ShapeDivideContinuity,algorithm::upgrade,TKShHealing
ShapeUpgrade_ShellSewing,algorithm::upgrade,TKShHealing
ShapeUpgrade_SplitCurve,algorithm::upgrade,TKShHealing
ShapeUpgrade_SplitCurve2d,algorithm::upgrade,TKShHealing
ShapeUpgrade_SplitCurve2dContinuity,algorithm::upgrade,TKShHealing
ShapeUpgrade_SplitCurve3d,algorithm::upgrade,TKShHealing
ShapeUpgrade_SplitCurve3dContinuity,algorithm::upgrade,TKShHealing
ShapeUpgrade_SplitSurface,algorithm::upgrade,TKShHealing
ShapeUpgrade_SplitSurfaceAngle,algorithm::upgrade,TKShHealing
ShapeUpgrade_SplitSurfaceArea,algorithm::upgrade,TKShHealing
ShapeUpgrade_SplitSurfaceContinuity,algorithm::upgrade,TKShHealing
ShapeUpgrade_Tool,algorithm::upgrade,TKShHealing
ShapeUpgrade_UnifySameDomain,algorithm::upgrade,TKShHealing
ShapeUpgrade_WireDivide,algorithm::upgrade,TKShHealing
ShapePersistent,app::persistence,TKStd
ShapePersistent_BRep,app::persistence,TKStd
ShapePersistent_Geom,app::persistence,TKStd
ShapePersistent_Geom2d,app::persistence,TKStd
ShapePersistent_Geom2d_Curve,app::persistence,TKStd
ShapePersistent_Geom_Curve,app::persistence,TKStd
ShapePersistent_Geom_Surface,app::persistence,TKStd
ShapePersistent_HArray1,app::persistence,TKStd
ShapePersistent_HArray2,app::persistence,TKStd
ShapePersistent_HSequence,app::persistence,TKStd
ShapePersistent_Poly,app::persistence,TKStd
ShapePersistent_TopoDS,app::persistence,TKStd
StdDrivers,app::storage::standard::drivers,TKStd
StdDrivers_DocumentRetrievalDriver,app::storage::standard::drivers,TKStd
StdObject_Location,app::storage::standard::object,TKStd
StdObject_Shape,app::storage::standard::object,TKStd
StdPersistent,app::storage::standard::persistent,TKStd
StdPersistent_DataXtd,app::storage::standard::persistent,TKStd
StdPersistent_DataXtd_Constraint,app::storage::standard::persistent,TKStd
StdPersistent_DataXtd_PatternStd,app::storage::standard::persistent,TKStd
StdPersistent_HArray1,app::storage::standard::persistent,TKStd
StdPersistent_Naming,app::storage::standard::persistent,TKStd
StdPersistent_PPrsStd,app::storage::standard::persistent,TKStd
StdPersistent_TopLoc,app::storage::standard::persistent,TKStd
StdStorage,app::storage::standard,TKStd
StdStorage_Data,app::storage::standard,TKStd
StdStorage_HeaderData,app::storage::standard,TKStd
StdStorage_Root,app::storage::standard,TKStd
StdStorage_RootData,app::storage::standard,TKStd
StdStorage_TypeData,app::storage::standard,TKStd
StdLDrivers,app::storage::standard::litedrivers,TKStdL
StdLDrivers_DocumentRetrievalDriver,app::storage::standard::litedrivers,TKStdL
StdLPersistent,app::storage::standard::litepersistent,TKStdL
StdLPersistent_Collection,app::storage::standard::litepersistent,TKStdL
StdLPersistent_Data,app::storage::standard::litepersistent,TKStdL
StdLPersistent_Dependency,app::storage::standard::litepersistent,TKStdL
StdLPersistent_Document,app::storage::standard::litepersistent,TKStdL
StdLPersistent_Function,app::storage::standard::litepersistent,TKStdL
StdLPersistent_HArray1,app::storage::standard::litepersistent,TKStdL
StdLPersistent_HArray2,app::storage::standard::litepersistent,TKStdL
StdLPersistent_HString,app::storage::standard::litepersistent,TKStdL
StdLPersistent_NamedData,app::storage::standard::litepersistent,TKStdL
StdLPersistent_Real,app::storage::standard::litepersistent,TKStdL
StdLPersistent_TreeNode,app::storage::standard::litepersistent,TKStdL
StdLPersistent_Value,app::storage::standard::litepersistent,TKStdL
StdLPersistent_Variable,app::storage::standard::litepersistent,TKStdL
StdLPersistent_Void,app::storage::standard::litepersistent,TKStdL
StdLPersistent_XLink,app::storage::standard::litepersistent,TKStdL
StdObjMgt_Attribute,app::storage::standard::objectmgt,TKStdL
StdObjMgt_MapOfInstantiators,app::storage::standard::objectmgt,TKStdL
StdObjMgt_Persistent,app::storage::standard::objectmgt,TKStdL
StdObjMgt_ReadData,app::storage::standard::objectmgt,TKStdL
StdObjMgt_SharedObject,app::storage::standard::objectmgt,TKStdL
StdObjMgt_WriteData,app::storage::standard::objectmgt,TKStdL
TObj_Application,app::tobj,TKTObj
TObj_Assistant,app::tobj,TKTObj
TObj_CheckModel,app::tobj,TKTObj
TObj_HiddenPartition,app::tobj,TKTObj
TObj_LabelIterator,app::tobj,TKTObj
TObj_Model,app::tobj,TKTObj
TObj_ModelIterator,app::tobj,TKTObj
TObj_Object,app::tobj,TKTObj
TObj_ObjectIterator,app::tobj,TKTObj
TObj_OcafObjectIterator,app::tobj,TKTObj
TObj_Partition,app::tobj,TKTObj
TObj_Persistence,app::tobj,TKTObj
TObj_ReferenceIterator,app::tobj,TKTObj
TObj_SequenceIterator,app::tobj,TKTObj
TObj_TIntSparseArray,app::tobj,TKTObj
TObj_TModel,app::tobj,TKTObj
TObj_TNameContainer,app::tobj,TKTObj
TObj_TObject,app::tobj,TKTObj
TObj_TReference,app::tobj,TKTObj
TObj_TXYZ,app::tobj,TKTObj
TObjDRAW,test::app::tobj,TKTObjDRAW
BRepApprox_Approx,algorithm::approximation,TKTopAlgo
BRepApprox_ApproxLine,algorithm::approximation,TKTopAlgo
BRepApprox_BSpGradient_BFGSOfMyBSplGradientOfTheComputeLineOfApprox,algorithm::approximation,TKTopAlgo
BRepApprox_BSpParFunctionOfMyBSplGradientOfTheComputeLineOfApprox,algorithm::approximation,TKTopAlgo
BRepApprox_BSpParLeastSquareOfMyBSplGradientOfTheComputeLineOfApprox,algorithm::approximation,TKTopAlgo
BRepApprox_Gradient_BFGSOfMyGradientOfTheComputeLineBezierOfApprox,algorithm::approximation,TKTopAlgo
BRepApprox_Gradient_BFGSOfMyGradientbisOfTheComputeLineOfApprox,algorithm::approximation,TKTopAlgo
BRepApprox_MyBSplGradientOfTheComputeLineOfApprox,algorithm::approximation,TKTopAlgo
BRepApprox_MyGradientOfTheComputeLineBezierOfApprox,algorithm::approximation,TKTopAlgo
BRepApprox_MyGradientbisOfTheComputeLineOfApprox,algorithm::approximation,TKTopAlgo
BRepApprox_ParFunctionOfMyGradientOfTheComputeLineBezierOfApprox,algorithm::approximation,TKTopAlgo
BRepApprox_ParFunctionOfMyGradientbisOfTheComputeLineOfApprox,algorithm::approximation,TKTopAlgo
BRepApprox_ParLeastSquareOfMyGradientOfTheComputeLineBezierOfApprox,algorithm::approximation,TKTopAlgo
BRepApprox_ParLeastSquareOfMyGradientbisOfTheComputeLineOfApprox,algorithm::approximation,TKTopAlgo
BRepApprox_ResConstraintOfMyGradientOfTheComputeLineBezierOfApprox,algorithm::approximation,TKTopAlgo
BRepApprox_ResConstraintOfMyGradientbisOfTheComputeLineOfApprox,algorithm::approximation,TKTopAlgo
BRepApprox_SurfaceTool,algorithm::approximation,TKTopAlgo
BRepApprox_TheComputeLineBezierOfApprox,algorithm::approximation,TKTopAlgo
BRepApprox_TheComputeLineOfApprox,algorithm::approximation,TKTopAlgo
BRepApprox_TheFunctionOfTheInt2SOfThePrmPrmSvSurfacesOfApprox,algorithm::approximation,TKTopAlgo
BRepApprox_TheImpPrmSvSurfacesOfApprox,algorithm::approximation,TKTopAlgo
BRepApprox_TheInt2SOfThePrmPrmSvSurfacesOfApprox,algorithm::approximation,TKTopAlgo
BRepApprox_TheMultiLineOfApprox,algorithm::approximation,TKTopAlgo
BRepApprox_TheMultiLineToolOfApprox,algorithm::approximation,TKTopAlgo
BRepApprox_ThePrmPrmSvSurfacesOfApprox,algorithm::approximation,TKTopAlgo
BRepApprox_TheZerImpFuncOfTheImpPrmSvSurfacesOfApprox,algorithm::approximation,TKTopAlgo
BRepBndLib,model::bounds,TKTopAlgo
BRepBuilderAPI,algorithm::builder,TKTopAlgo
BRepBuilderAPI_BndBoxTreeSelector,algorithm::builder,TKTopAlgo
BRepBuilderAPI_Collect,algorithm::builder,TKTopAlgo
BRepBuilderAPI_Command,algorithm::builder,TKTopAlgo
BRepBuilderAPI_Copy,algorithm::builder,TKTopAlgo
BRepBuilderAPI_FastSewing,algorithm::builder,TKTopAlgo
BRepBuilderAPI_FindPlane,algorithm::builder,TKTopAlgo
BRepBuilderAPI_GTransform,algorithm::builder,TKTopAlgo
BRepBuilderAPI_MakeEdge,algorithm::builder,TKTopAlgo
BRepBuilderAPI_MakeEdge2d,algorithm::builder,TKTopAlgo
BRepBuilderAPI_MakeFace,algorithm::builder,TKTopAlgo
BRepBuilderAPI_MakePolygon,algorithm::builder,TKTopAlgo
BRepBuilderAPI_MakeShape,algorithm::builder,TKTopAlgo
BRepBuilderAPI_MakeShapeOnMesh,algorithm::builder,TKTopAlgo
BRepBuilderAPI_MakeShell,algorithm::builder,TKTopAlgo
BRepBuilderAPI_MakeSolid,algorithm::builder,TKTopAlgo
BRepBuilderAPI_MakeVertex,algorithm::builder,TKTopAlgo
BRepBuilderAPI_MakeWire,algorithm::builder,TKTopAlgo
BRepBuilderAPI_ModifyShape,algorithm::builder,TKTopAlgo
BRepBuilderAPI_NurbsConvert,algorithm::builder,TKTopAlgo
BRepBuilderAPI_Sewing,algorithm::builder,TKTopAlgo
BRepBuilderAPI_Transform,algorithm::builder,TKTopAlgo
BRepBuilderAPI_VertexInspector,algorithm::builder,TKTopAlgo
BRepCheck,algorithm::check,TKTopAlgo
BRepCheck_Analyzer,algorithm::check,TKTopAlgo
BRepCheck_Edge,algorithm::check,TKTopAlgo
BRepCheck_Face,algorithm::check,TKTopAlgo
BRepCheck_Result,algorithm::check,TKTopAlgo
BRepCheck_Shell,algorithm::check,TKTopAlgo
BRepCheck_Solid,algorithm::check,TKTopAlgo
BRepCheck_Vertex,algorithm::check,TKTopAlgo
BRepCheck_Wire,algorithm::check,TKTopAlgo
BRepClass3d,algorithm::classification,TKTopAlgo
BRepClass3d_Intersector3d,algorithm::classification,TKTopAlgo
BRepClass3d_SClassifier,algorithm::classification,TKTopAlgo
BRepClass3d_SolidClassifier,algorithm::classification,TKTopAlgo
BRepClass3d_SolidExplorer,algorithm::classification,TKTopAlgo
BRepClass3d_SolidPassiveClassifier,algorithm::classification,TKTopAlgo
BRepClass_Edge,algorithm::classification,TKTopAlgo
BRepClass_FClass2dOfFClassifier,algorithm::classification,TKTopAlgo
BRepClass_FClassifier,algorithm::classification,TKTopAlgo
BRepClass_FaceClassifier,algorithm::classification,TKTopAlgo
BRepClass_FaceExplorer,algorithm::classification,TKTopAlgo
BRepClass_FacePassiveClassifier,algorithm::classification,TKTopAlgo
BRepClass_Intersector,algorithm::classification,TKTopAlgo
BRepExtrema_DistShapeShape,algorithm::distance,TKTopAlgo
BRepExtrema_DistanceSS,algorithm::distance,TKTopAlgo
BRepExtrema_ExtCC,algorithm::distance,TKTopAlgo
BRepExtrema_ExtCF,algorithm::distance,TKTopAlgo
BRepExtrema_ExtFF,algorithm::distance,TKTopAlgo
BRepExtrema_ExtPC,algorithm::distance,TKTopAlgo
BRepExtrema_ExtPF,algorithm::distance,TKTopAlgo
BRepExtrema_OverlapTool,algorithm::distance,TKTopAlgo
BRepExtrema_Poly,algorithm::distance,TKTopAlgo
BRepExtrema_ProximityDistTool,algorithm::distance,TKTopAlgo
BRepExtrema_ProximityValueTool,algorithm::distance,TKTopAlgo
BRepExtrema_SelfIntersection,algorithm::distance,TKTopAlgo
BRepExtrema_ShapeProximity,algorithm::distance,TKTopAlgo
BRepExtrema_SolutionElem,algorithm::distance,TKTopAlgo
BRepExtrema_TriangleSet,algorithm::distance,TKTopAlgo
BRepExtrema_UnCompatibleShape,algorithm::distance,TKTopAlgo
BRepGProp,algorithm::properties,TKTopAlgo
BRepGProp_Cinert,algorithm::properties,TKTopAlgo
BRepGProp_Domain,algorithm::properties,TKTopAlgo
BRepGProp_EdgeTool,algorithm::properties,TKTopAlgo
BRepGProp_Face,algorithm::properties,TKTopAlgo
BRepGProp_Gauss,algorithm::properties,TKTopAlgo
BRepGProp_MeshCinert,algorithm::properties,TKTopAlgo
BRepGProp_MeshProps,algorithm::properties,TKTopAlgo
BRepGProp_Sinert,algorithm::properties,TKTopAlgo
BRepGProp_TFunction,algorithm::properties,TKTopAlgo
BRepGProp_UFunction,algorithm::properties,TKTopAlgo
BRepGProp_Vinert,algorithm::properties,TKTopAlgo
BRepGProp_VinertGK,algorithm::properties,TKTopAlgo
BRepIntCurveSurface_Inter,model::intersect::curvesurface,TKTopAlgo
BRepLib,algorithm::library,TKTopAlgo
BRepLib_CheckCurveOnSurface,algorithm::library,TKTopAlgo
BRepLib_Command,algorithm::library,TKTopAlgo
BRepLib_FindSurface,algorithm::library,TKTopAlgo
BRepLib_FuseEdges,algorithm::library,TKTopAlgo
BRepLib_MakeEdge,algorithm::library,TKTopAlgo
BRepLib_MakeEdge2d,algorithm::library,TKTopAlgo
BRepLib_MakeFace,algorithm::library,TKTopAlgo
BRepLib_MakePolygon,algorithm::library,TKTopAlgo
BRepLib_MakeShape,algorithm::library,TKTopAlgo
BRepLib_MakeShell,algorithm::library,TKTopAlgo
BRepLib_MakeSolid,algorithm::library,TKTopAlgo
BRepLib_MakeVertex,algorithm::library,TKTopAlgo
BRepLib_MakeWire,algorithm::library,TKTopAlgo
BRepLib_PointCloudShape,algorithm::library,TKTopAlgo
BRepLib_ToolTriangulatedShape,algorithm::library,TKTopAlgo
BRepLib_ValidateEdge,algorithm::library,TKTopAlgo
BRepMAT2d_BisectingLocus,algorithm::medialaxis::brep,TKTopAlgo
BRepMAT2d_Explorer,algorithm::medialaxis::brep,TKTopAlgo
BRepMAT2d_LinkTopoBilo,algorithm::medialaxis::brep,TKTopAlgo
BRepTopAdaptor_FClass2d,model::adapter::topological,TKTopAlgo
BRepTopAdaptor_HVertex,model::adapter::topological,TKTopAlgo
BRepTopAdaptor_Tool,model::adapter::topological,TKTopAlgo
BRepTopAdaptor_TopolTool,model::adapter::topological,TKTopAlgo
Bisector,geometry2d::bisector,TKTopAlgo
Bisector_Bisec,geometry2d::bisector,TKTopAlgo
Bisector_BisecAna,geometry2d::bisector,TKTopAlgo
Bisector_BisecCC,geometry2d::bisector,TKTopAlgo
Bisector_BisecPC,geometry2d::bisector,TKTopAlgo
Bisector_Curve,geometry2d::bisector,TKTopAlgo
Bisector_FunctionH,geometry2d::bisector,TKTopAlgo
Bisector_FunctionInter,geometry2d::bisector,TKTopAlgo
Bisector_Inter,geometry2d::bisector,TKTopAlgo
Bisector_PointOnBis,geometry2d::bisector,TKTopAlgo
Bisector_PolyBis,geometry2d::bisector,TKTopAlgo
IntCurvesFace_Intersector,algorithm::intersect::curveface,TKTopAlgo
IntCurvesFace_ShapeIntersector,algorithm::intersect::curveface,TKTopAlgo
MAT2d_BiInt,algorithm::medialaxis::dim2,TKTopAlgo
MAT2d_Circuit,algorithm::medialaxis::dim2,TKTopAlgo
MAT2d_Connexion,algorithm::medialaxis::dim2,TKTopAlgo
MAT2d_CutCurve,algorithm::medialaxis::dim2,TKTopAlgo
MAT2d_Mat2d,algorithm::medialaxis::dim2,TKTopAlgo
MAT2d_MiniPath,algorithm::medialaxis::dim2,TKTopAlgo
MAT2d_Tool2d,algorithm::medialaxis::dim2,TKTopAlgo
MAT_Arc,algorithm::medialaxis,TKTopAlgo
MAT_BasicElt,algorithm::medialaxis,TKTopAlgo
MAT_Bisector,algorithm::medialaxis,TKTopAlgo
MAT_Edge,algorithm::medialaxis,TKTopAlgo
MAT_Graph,algorithm::medialaxis,TKTopAlgo
MAT_ListOfBisector,algorithm::medialaxis,TKTopAlgo
MAT_ListOfEdge,algorithm::medialaxis,TKTopAlgo
MAT_Node,algorithm::medialaxis,TKTopAlgo
MAT_TListNodeOfListOfBisector,algorithm::medialaxis,TKTopAlgo
MAT_TListNodeOfListOfEdge,algorithm::medialaxis,TKTopAlgo
MAT_Zone,algorithm::medialaxis,TKTopAlgo
BOPTest,test::boolean,TKTopTest
BOPTest_DrawableShape,test::boolean,TKTopTest
BOPTest_Objects,test::boolean,TKTopTest
BRepTest,test::model,TKTopTest
BRepTest_DrawableHistory,test::model,TKTopTest
BRepTest_Objects,test::model,TKTopTest
DrawFairCurve_Batten,test::draw::faircurve,TKTopTest
DrawFairCurve_MinimalVariation,test::draw::faircurve,TKTopTest
GeometryTest,test::geometry,TKTopTest
GeometryTest_DrawableQualifiedCurve2d,test::geometry,TKTopTest
GeomliteTest,test::geometry::lite,TKTopTest
HLRTest,test::hlr,TKTopTest
HLRTest_DrawableEdgeTool,test::hlr,TKTopTest
HLRTest_DrawablePolyEdgeTool,test::hlr,TKTopTest
HLRTest_OutLiner,test::hlr,TKTopTest
HLRTest_Projector,test::hlr,TKTopTest
HLRTest_ShapeData,test::hlr,TKTopTest
MeshTest,test::mesh,TKTopTest
MeshTest_CheckTopology,test::mesh,TKTopTest
SWDRAW,test::exchange::sw,TKTopTest
SWDRAW_ShapeAnalysis,test::exchange::sw,TKTopTest
SWDRAW_ShapeCustom,test::exchange::sw,TKTopTest
SWDRAW_ShapeExtend,test::exchange::sw,TKTopTest
SWDRAW_ShapeFix,test::exchange::sw,TKTopTest
SWDRAW_ShapeProcess,test::exchange::sw,TKTopTest
SWDRAW_ShapeProcessAPI,test::exchange::sw,TKTopTest
SWDRAW_ShapeTool,test::exchange::sw,TKTopTest
SWDRAW_ShapeUpgrade,test::exchange::sw,TKTopTest
AIS_Animation,visual::interactive,TKV3d
AIS_AnimationAxisRotation,visual::interactive,TKV3d
AIS_AnimationCamera,visual::interactive,TKV3d
AIS_AnimationObject,visual::interactive,TKV3d
AIS_AttributeFilter,visual::interactive,TKV3d
AIS_Axis,visual::interactive,TKV3d
AIS_BadEdgeFilter,visual::interactive,TKV3d
AIS_BaseAnimationObject,visual::interactive,TKV3d
AIS_C0RegularityFilter,visual::interactive,TKV3d
AIS_CameraFrustum,visual::interactive,TKV3d
AIS_Circle,visual::interactive,TKV3d
AIS_ColorScale,visual::interactive,TKV3d
AIS_ColoredShape,visual::interactive,TKV3d
AIS_ConnectedInteractive,visual::interactive,TKV3d
AIS_ExclusionFilter,visual::interactive,TKV3d
AIS_GlobalStatus,visual::interactive,TKV3d
AIS_GraphicTool,visual::interactive,TKV3d
AIS_InteractiveContext,visual::interactive,TKV3d
AIS_InteractiveObject,visual::interactive,TKV3d
AIS_LightSource,visual::interactive,TKV3d
AIS_Line,visual::interactive,TKV3d
AIS_Manipulator,visual::interactive,TKV3d
AIS_ManipulatorOwner,visual::interactive,TKV3d
AIS_MediaPlayer,visual::interactive,TKV3d
AIS_MultipleConnectedInteractive,visual::interactive,TKV3d
AIS_Plane,visual::interactive,TKV3d
AIS_PlaneTrihedron,visual::interactive,TKV3d
AIS_Point,visual::interactive,TKV3d
AIS_PointCloud,visual::interactive,TKV3d
AIS_RubberBand,visual::interactive,TKV3d
AIS_Selection,visual::interactive,TKV3d
AIS_Shape,visual::interactive,TKV3d
AIS_SignatureFilter,visual::interactive,TKV3d
AIS_TextLabel,visual::interactive,TKV3d
AIS_TexturedShape,visual::interactive,TKV3d
AIS_Triangulation,visual::interactive,TKV3d
AIS_Trihedron,visual::interactive,TKV3d
AIS_TrihedronOwner,visual::interactive,TKV3d
AIS_TypeFilter,visual::interactive,TKV3d
AIS_ViewController,visual::interactive,TKV3d
AIS_ViewCube,visual::interactive,TKV3d
AIS_XRTrackedDevice,visual::interactive,TKV3d
DsgPrs,visual::presentation::dimension,TKV3d
DsgPrs_AnglePresentation,visual::presentation::dimension,TKV3d
DsgPrs_Chamf2dPresentation,visual::presentation::dimension,TKV3d
DsgPrs_ConcentricPresentation,visual::presentation::dimension,TKV3d
DsgPrs_DatumPrs,visual::presentation::dimension,TKV3d
DsgPrs_DiameterPresentation,visual::presentation::dimension,TKV3d
DsgPrs_EllipseRadiusPresentation,visual::presentation::dimension,TKV3d
DsgPrs_EqualDistancePresentation,visual::presentation::dimension,TKV3d
DsgPrs_EqualRadiusPresentation,visual::presentation::dimension,TKV3d
DsgPrs_FilletRadiusPresentation,visual::presentation::dimension,TKV3d
DsgPrs_FixPresentation,visual::presentation::dimension,TKV3d
DsgPrs_IdenticPresentation,visual::presentation::dimension,TKV3d
DsgPrs_LengthPresentation,visual::presentation::dimension,TKV3d
DsgPrs_MidPointPresentation,visual::presentation::dimension,TKV3d
DsgPrs_OffsetPresentation,visual::presentation::dimension,TKV3d
DsgPrs_ParalPresentation,visual::presentation::dimension,TKV3d
DsgPrs_PerpenPresentation,visual::presentation::dimension,TKV3d
DsgPrs_RadiusPresentation,visual::presentation::dimension,TKV3d
DsgPrs_ShadedPlanePresentation,visual::presentation::dimension,TKV3d
DsgPrs_ShapeDirPresentation,visual::presentation::dimension,TKV3d
DsgPrs_SymbPresentation,visual::presentation::dimension,TKV3d
DsgPrs_SymmetricPresentation,visual::presentation::dimension,TKV3d
DsgPrs_TangentPresentation,visual::presentation::dimension,TKV3d
DsgPrs_XYZAxisPresentation,visual::presentation::dimension,TKV3d
DsgPrs_XYZPlanePresentation,visual::presentation::dimension,TKV3d
Prs3d,visual::presentation,TKV3d
Prs3d_Arrow,visual::presentation,TKV3d
Prs3d_ArrowAspect,visual::presentation,TKV3d
Prs3d_BasicAspect,visual::presentation,TKV3d
Prs3d_BndBox,visual::presentation,TKV3d
Prs3d_DatumAspect,visual::presentation,TKV3d
Prs3d_DimensionAspect,visual::presentation,TKV3d
Prs3d_Drawer,visual::presentation,TKV3d
Prs3d_InvalidAngle,visual::presentation,TKV3d
Prs3d_IsoAspect,visual::presentation,TKV3d
Prs3d_LineAspect,visual::presentation,TKV3d
Prs3d_PlaneAspect,visual::presentation,TKV3d
Prs3d_Point,visual::presentation,TKV3d
Prs3d_PointAspect,visual::presentation,TKV3d
Prs3d_PresentationShadow,visual::presentation,TKV3d
Prs3d_Root,visual::presentation,TKV3d
Prs3d_ShadingAspect,visual::presentation,TKV3d
Prs3d_Text,visual::presentation,TKV3d
Prs3d_TextAspect,visual::presentation,TKV3d
Prs3d_ToolCylinder,visual::presentation,TKV3d
Prs3d_ToolDisk,visual::presentation,TKV3d
Prs3d_ToolQuadric,visual::presentation,TKV3d
Prs3d_ToolSector,visual::presentation,TKV3d
Prs3d_ToolSphere,visual::presentation,TKV3d
Prs3d_ToolTorus,visual::presentation,TKV3d
PrsDim,visual::presentation::dimension,TKV3d
PrsDim_AngleDimension,visual::presentation::dimension,TKV3d
PrsDim_Chamf2dDimension,visual::presentation::dimension,TKV3d
PrsDim_Chamf3dDimension,visual::presentation::dimension,TKV3d
PrsDim_ConcentricRelation,visual::presentation::dimension,TKV3d
PrsDim_DiameterDimension,visual::presentation::dimension,TKV3d
PrsDim_Dimension,visual::presentation::dimension,TKV3d
PrsDim_DimensionOwner,visual::presentation::dimension,TKV3d
PrsDim_EllipseRadiusDimension,visual::presentation::dimension,TKV3d
PrsDim_EqualDistanceRelation,visual::presentation::dimension,TKV3d
PrsDim_EqualRadiusRelation,visual::presentation::dimension,TKV3d
PrsDim_FixRelation,visual::presentation::dimension,TKV3d
PrsDim_IdenticRelation,visual::presentation::dimension,TKV3d
PrsDim_LengthDimension,visual::presentation::dimension,TKV3d
PrsDim_MaxRadiusDimension,visual::presentation::dimension,TKV3d
PrsDim_MidPointRelation,visual::presentation::dimension,TKV3d
PrsDim_MinRadiusDimension,visual::presentation::dimension,TKV3d
PrsDim_OffsetDimension,visual::presentation::dimension,TKV3d
PrsDim_ParallelRelation,visual::presentation::dimension,TKV3d
PrsDim_PerpendicularRelation,visual::presentation::dimension,TKV3d
PrsDim_RadiusDimension,visual::presentation::dimension,TKV3d
PrsDim_Relation,visual::presentation::dimension,TKV3d
PrsDim_SymmetricRelation,visual::presentation::dimension,TKV3d
PrsDim_TangentRelation,visual::presentation::dimension,TKV3d
PrsMgr_PresentableObject,visual::presentation::manager,TKV3d
PrsMgr_Presentation,visual::presentation::manager,TKV3d
PrsMgr_PresentationManager,visual::presentation::manager,TKV3d
Select3D_InteriorSensitivePointSet,visual::selection::algo,TKV3d
Select3D_SensitiveBox,visual::selection::algo,TKV3d
Select3D_SensitiveCircle,visual::selection::algo,TKV3d
Select3D_SensitiveCurve,visual::selection::algo,TKV3d
Select3D_SensitiveCylinder,visual::selection::algo,TKV3d
Select3D_SensitiveEntity,visual::selection::algo,TKV3d
Select3D_SensitiveFace,visual::selection::algo,TKV3d
Select3D_SensitiveGroup,visual::selection::algo,TKV3d
Select3D_SensitivePoint,visual::selection::algo,TKV3d
Select3D_SensitivePoly,visual::selection::algo,TKV3d
Select3D_SensitivePrimitiveArray,visual::selection::algo,TKV3d
Select3D_SensitiveSegment,visual::selection::algo,TKV3d
Select3D_SensitiveSet,visual::selection::algo,TKV3d
Select3D_SensitiveSphere,visual::selection::algo,TKV3d
Select3D_SensitiveTriangle,visual::selection::algo,TKV3d
Select3D_SensitiveTriangulation,visual::selection::algo,TKV3d
Select3D_SensitiveWire,visual::selection::algo,TKV3d
SelectBasics_SelectingVolumeManager,visual::selection::base,TKV3d
SelectMgr,visual::selection,TKV3d
SelectMgr_AndFilter,visual::selection,TKV3d
SelectMgr_AndOrFilter,visual::selection,TKV3d
SelectMgr_AxisIntersector,visual::selection,TKV3d
SelectMgr_BVHThreadPool,visual::selection,TKV3d
SelectMgr_BaseFrustum,visual::selection,TKV3d
SelectMgr_BaseIntersector,visual::selection,TKV3d
SelectMgr_CompositionFilter,visual::selection,TKV3d
SelectMgr_EntityOwner,visual::selection,TKV3d
SelectMgr_Filter,visual::selection,TKV3d
SelectMgr_Frustum,visual::selection,TKV3d
SelectMgr_FrustumBuilder,visual::selection,TKV3d
SelectMgr_OrFilter,visual::selection,TKV3d
SelectMgr_RectangularFrustum,visual::selection,TKV3d
SelectMgr_SelectableObject,visual::selection,TKV3d
SelectMgr_SelectableObjectSet,visual::selection,TKV3d
SelectMgr_SelectingVolumeManager,visual::selection,TKV3d
SelectMgr_Selection,visual::selection,TKV3d
SelectMgr_SelectionImageFiller,visual::selection,TKV3d
SelectMgr_SelectionManager,visual::selection,TKV3d
SelectMgr_SensitiveEntity,visual::selection,TKV3d
SelectMgr_SensitiveEntitySet,visual::selection,TKV3d
SelectMgr_SortCriterion,visual::selection,TKV3d
SelectMgr_ToleranceMap,visual::selection,TKV3d
SelectMgr_TriangularFrustum,visual::selection,TKV3d
SelectMgr_TriangularFrustumSet,visual::selection,TKV3d
SelectMgr_ViewClipRange,visual::selection,TKV3d
SelectMgr_ViewerSelector,visual::selection,TKV3d
StdPrs_BRepFont,visual::presentation::standard,TKV3d
StdPrs_BRepTextBuilder,visual::presentation::standard,TKV3d
StdPrs_Curve,visual::presentation::standard,TKV3d
StdPrs_DeflectionCurve,visual::presentation::standard,TKV3d
StdPrs_HLRPolyShape,visual::presentation::standard,TKV3d
StdPrs_HLRShape,visual::presentation::standard,TKV3d
StdPrs_HLRShapeI,visual::presentation::standard,TKV3d
StdPrs_HLRToolShape,visual::presentation::standard,TKV3d
StdPrs_Isolines,visual::presentation::standard,TKV3d
StdPrs_Plane,visual::presentation::standard,TKV3d
StdPrs_PoleCurve,visual::presentation::standard,TKV3d
StdPrs_ShadedShape,visual::presentation::standard,TKV3d
StdPrs_ShadedSurface,visual::presentation::standard,TKV3d
StdPrs_ShapeTool,visual::presentation::standard,TKV3d
StdPrs_ToolPoint,visual::presentation::standard,TKV3d
StdPrs_ToolRFace,visual::presentation::standard,TKV3d
StdPrs_ToolTriangulatedShape,visual::presentation::standard,TKV3d
StdPrs_ToolVertex,visual::presentation::standard,TKV3d
StdPrs_WFDeflectionRestrictedFace,visual::presentation::standard,TKV3d
StdPrs_WFDeflectionSurface,visual::presentation::standard,TKV3d
StdPrs_WFPoleSurface,visual::presentation::standard,TKV3d
StdPrs_WFRestrictedFace,visual::presentation::standard,TKV3d
StdPrs_WFShape,visual::presentation::standard,TKV3d
StdPrs_WFSurface,visual::presentation::standard,TKV3d
StdSelect,visual::selection::standard,TKV3d
StdSelect_BRepOwner,visual::selection::standard,TKV3d
StdSelect_BRepSelectionTool,visual::selection::standard,TKV3d
StdSelect_EdgeFilter,visual::selection::standard,TKV3d
StdSelect_FaceFilter,visual::selection::standard,TKV3d
StdSelect_Shape,visual::selection::standard,TKV3d
StdSelect_ShapeTypeFilter,visual::selection::standard,TKV3d
V3d,visual::view,TKV3d
V3d_AmbientLight,visual::view,TKV3d
V3d_BadValue,visual::view,TKV3d
V3d_CircularGrid,visual::view,TKV3d
V3d_DirectionalLight,visual::view,TKV3d
V3d_Plane,visual::view,TKV3d
V3d_PositionLight,visual::view,TKV3d
V3d_PositionalLight,visual::view,TKV3d
V3d_RectangularGrid,visual::view,TKV3d
V3d_SpotLight,visual::view,TKV3d
V3d_Trihedron,visual::view,TKV3d
V3d_UnMapped,visual::view,TKV3d
V3d_View,visual::view,TKV3d
V3d_Viewer,visual::view,TKV3d
TPrsStd_AISPresentation,app::attribute::presentation,TKVCAF
TPrsStd_AISViewer,app::attribute::presentation,TKVCAF
TPrsStd_AxisDriver,app::attribute::presentation,TKVCAF
TPrsStd_ConstraintDriver,app::attribute::presentation,TKVCAF
TPrsStd_ConstraintTools,app::attribute::presentation,TKVCAF
TPrsStd_Driver,app::attribute::presentation,TKVCAF
TPrsStd_DriverTable,app::attribute::presentation,TKVCAF
TPrsStd_GeometryDriver,app::attribute::presentation,TKVCAF
TPrsStd_NamedShapeDriver,app::attribute::presentation,TKVCAF
TPrsStd_PlaneDriver,app::attribute::presentation,TKVCAF
TPrsStd_PointDriver,app::attribute::presentation,TKVCAF
ViewerTest,test::visual,TKViewerTest
ViewerTest_AutoUpdater,test::visual,TKViewerTest
ViewerTest_CmdParser,test::visual,TKViewerTest
ViewerTest_ContinuousRedrawer,test::visual,TKViewerTest
ViewerTest_EventManager,test::visual,TKViewerTest
ViewerTest_V3dView,test::visual,TKViewerTest
XCAFApp_Application,app::xde,TKXCAF
XCAFDimTolObjects_DatumObject,app::xde::dimtol,TKXCAF
XCAFDimTolObjects_DimensionObject,app::xde::dimtol,TKXCAF
XCAFDimTolObjects_GeomToleranceObject,app::xde::dimtol,TKXCAF
XCAFDimTolObjects_Tool,app::xde::dimtol,TKXCAF
XCAFDoc,app::xde::doc,TKXCAF
XCAFDoc_Area,app::xde::doc,TKXCAF
XCAFDoc_AssemblyGraph,app::xde::doc,TKXCAF
XCAFDoc_AssemblyItemId,app::xde::doc,TKXCAF
XCAFDoc_AssemblyItemRef,app::xde::doc,TKXCAF
XCAFDoc_AssemblyIterator,app::xde::doc,TKXCAF
XCAFDoc_AssemblyTool,app::xde::doc,TKXCAF
XCAFDoc_Centroid,app::xde::doc,TKXCAF
XCAFDoc_ClippingPlaneTool,app::xde::doc,TKXCAF
XCAFDoc_Color,app::xde::doc,TKXCAF
XCAFDoc_ColorTool,app::xde::doc,TKXCAF
XCAFDoc_Datum,app::xde::doc,TKXCAF
XCAFDoc_DimTol,app::xde::doc,TKXCAF
XCAFDoc_DimTolTool,app::xde::doc,TKXCAF
XCAFDoc_Dimension,app::xde::doc,TKXCAF
XCAFDoc_DocumentTool,app::xde::doc,TKXCAF
XCAFDoc_Editor,app::xde::doc,TKXCAF
XCAFDoc_GeomTolerance,app::xde::doc,TKXCAF
XCAFDoc_GraphNode,app::xde::doc,TKXCAF
XCAFDoc_LayerTool,app::xde::doc,TKXCAF
XCAFDoc_LengthUnit,app::xde::doc,TKXCAF
XCAFDoc_Location,app::xde::doc,TKXCAF
XCAFDoc_Material,app::xde::doc,TKXCAF
XCAFDoc_MaterialTool,app::xde::doc,TKXCAF
XCAFDoc_Note,app::xde::doc,TKXCAF
XCAFDoc_NoteBalloon,app::xde::doc,TKXCAF
XCAFDoc_NoteBinData,app::xde::doc,TKXCAF
XCAFDoc_NoteComment,app::xde::doc,TKXCAF
XCAFDoc_NotesTool,app::xde::doc,TKXCAF
XCAFDoc_ShapeMapTool,app::xde::doc,TKXCAF
XCAFDoc_ShapeTool,app::xde::doc,TKXCAF
XCAFDoc_View,app::xde::doc,TKXCAF
XCAFDoc_ViewTool,app::xde::doc,TKXCAF
XCAFDoc_VisMaterial,app::xde::doc,TKXCAF
XCAFDoc_VisMaterialTool,app::xde::doc,TKXCAF
XCAFDoc_Volume,app::xde::doc,TKXCAF
XCAFNoteObjects_NoteObject,app::xde::notes,TKXCAF
XCAFPrs,visual::xde,TKXCAF
XCAFPrs_AISObject,visual::xde,TKXCAF
XCAFPrs_DocumentExplorer,visual::xde,TKXCAF
XCAFPrs_DocumentIdIterator,visual::xde,TKXCAF
XCAFPrs_Driver,visual::xde,TKXCAF
XCAFPrs_Style,visual::xde,TKXCAF
XCAFPrs_Texture,visual::xde,TKXCAF
XCAFView_Object,app::xde::view,TKXCAF
XDEDRAW,test::exchange::xde,TKXDEDRAW
XDEDRAW_Colors,test::exchange::xde,TKXDEDRAW
XDEDRAW_Common,test::exchange::xde,TKXDEDRAW
XDEDRAW_GDTs,test::exchange::xde,TKXDEDRAW
XDEDRAW_Layers,test::exchange::xde,TKXDEDRAW
XDEDRAW_Notes,test::exchange::xde,TKXDEDRAW
XDEDRAW_Props,test::exchange::xde,TKXDEDRAW
XDEDRAW_Shapes,test::exchange::xde,TKXDEDRAW
XDEDRAW_Views,test::exchange::xde,TKXDEDRAW
XBRepMesh,mesh::generator::extended,TKXMesh
IFGraph_AllConnected,exchange::interface::graph,TKXSBase
IFGraph_AllShared,exchange::interface::graph,TKXSBase
IFGraph_Articulations,exchange::interface::graph,TKXSBase
IFGraph_Compare,exchange::interface::graph,TKXSBase
IFGraph_ConnectedComponants,exchange::interface::graph,TKXSBase
IFGraph_Cumulate,exchange::interface::graph,TKXSBase
IFGraph_Cycles,exchange::interface::graph,TKXSBase
IFGraph_ExternalSources,exchange::interface::graph,TKXSBase
IFGraph_SCRoots,exchange::interface::graph,TKXSBase
IFGraph_StrongComponants,exchange::interface::graph,TKXSBase
IFGraph_SubPartsIterator,exchange::interface::graph,TKXSBase
IFSelect,exchange::interface::select,TKXSBase
IFSelect_Act,exchange::interface::select,TKXSBase
IFSelect_Activator,exchange::interface::select,TKXSBase
IFSelect_AppliedModifiers,exchange::interface::select,TKXSBase
IFSelect_BasicDumper,exchange::interface::select,TKXSBase
IFSelect_CheckCounter,exchange::interface::select,TKXSBase
IFSelect_ContextModif,exchange::interface::select,TKXSBase
IFSelect_ContextWrite,exchange::interface::select,TKXSBase
IFSelect_DispGlobal,exchange::interface::select,TKXSBase
IFSelect_DispPerCount,exchange::interface::select,TKXSBase
IFSelect_DispPerFiles,exchange::interface::select,TKXSBase
IFSelect_DispPerOne,exchange::interface::select,TKXSBase
IFSelect_DispPerSignature,exchange::interface::select,TKXSBase
IFSelect_Dispatch,exchange::interface::select,TKXSBase
IFSelect_EditForm,exchange::interface::select,TKXSBase
IFSelect_Editor,exchange::interface::select,TKXSBase
IFSelect_Functions,exchange::interface::select,TKXSBase
IFSelect_GeneralModifier,exchange::interface::select,TKXSBase
IFSelect_GraphCounter,exchange::interface::select,TKXSBase
IFSelect_IntParam,exchange::interface::select,TKXSBase
IFSelect_ListEditor,exchange::interface::select,TKXSBase
IFSelect_ModelCopier,exchange::interface::select,TKXSBase
IFSelect_ModifEditForm,exchange::interface::select,TKXSBase
IFSelect_ModifReorder,exchange::interface::select,TKXSBase
IFSelect_Modifier,exchange::interface::select,TKXSBase
IFSelect_PacketList,exchange::interface::select,TKXSBase
IFSelect_ParamEditor,exchange::interface::select,TKXSBase
IFSelect_SelectAnyList,exchange::interface::select,TKXSBase
IFSelect_SelectAnyType,exchange::interface::select,TKXSBase
IFSelect_SelectBase,exchange::interface::select,TKXSBase
IFSelect_SelectCombine,exchange::interface::select,TKXSBase
IFSelect_SelectControl,exchange::interface::select,TKXSBase
IFSelect_SelectDeduct,exchange::interface::select,TKXSBase
IFSelect_SelectDiff,exchange::interface::select,TKXSBase
IFSelect_SelectEntityNumber,exchange::interface::select,TKXSBase
IFSelect_SelectErrorEntities,exchange::interface::select,TKXSBase
IFSelect_SelectExplore,exchange::interface::select,TKXSBase
IFSelect_SelectExtract,exchange::interface::select,TKXSBase
IFSelect_SelectFlag,exchange::interface::select,TKXSBase
IFSelect_SelectInList,exchange::interface::select,TKXSBase
IFSelect_SelectIncorrectEntities,exchange::interface::select,TKXSBase
IFSelect_SelectIntersection,exchange::interface::select,TKXSBase
IFSelect_SelectModelEntities,exchange::interface::select,TKXSBase
IFSelect_SelectModelRoots,exchange::interface::select,TKXSBase
IFSelect_SelectPointed,exchange::interface::select,TKXSBase
IFSelect_SelectRange,exchange::interface::select,TKXSBase
IFSelect_SelectRootComps,exchange::interface::select,TKXSBase
IFSelect_SelectRoots,exchange::interface::select,TKXSBase
IFSelect_SelectSent,exchange::interface::select,TKXSBase
IFSelect_SelectShared,exchange::interface::select,TKXSBase
IFSelect_SelectSharing,exchange::interface::select,TKXSBase
IFSelect_SelectSignature,exchange::interface::select,TKXSBase
IFSelect_SelectSignedShared,exchange::interface::select,TKXSBase
IFSelect_SelectSignedSharing,exchange::interface::select,TKXSBase
IFSelect_SelectSuite,exchange::interface::select,TKXSBase
IFSelect_SelectType,exchange::interface::select,TKXSBase
IFSelect_SelectUnion,exchange::interface::select,TKXSBase
IFSelect_SelectUnknownEntities,exchange::interface::select,TKXSBase
IFSelect_Selection,exchange::interface::select,TKXSBase
IFSelect_SelectionIterator,exchange::interface::select,TKXSBase
IFSelect_SessionDumper,exchange::interface::select,TKXSBase
IFSelect_SessionFile,exchange::interface::select,TKXSBase
IFSelect_SessionPilot,exchange::interface::select,TKXSBase
IFSelect_ShareOut,exchange::interface::select,TKXSBase
IFSelect_ShareOutResult,exchange::interface::select,TKXSBase
IFSelect_SignAncestor,exchange::interface::select,TKXSBase
IFSelect_SignCategory,exchange::interface::select,TKXSBase
IFSelect_SignCounter,exchange::interface::select,TKXSBase
IFSelect_SignMultiple,exchange::interface::select,TKXSBase
IFSelect_SignType,exchange::interface::select,TKXSBase
IFSelect_SignValidity,exchange::interface::select,TKXSBase
IFSelect_Signature,exchange::interface::select,TKXSBase
IFSelect_SignatureList,exchange::interface::select,TKXSBase
IFSelect_TransformStandard,exchange::interface::select,TKXSBase
IFSelect_Transformer,exchange::interface::select,TKXSBase
IFSelect_WorkLibrary,exchange::interface::select,TKXSBase
IFSelect_WorkSession,exchange::interface::select,TKXSBase
Interface_BitMap,exchange::interface,TKXSBase
Interface_Category,exchange::interface,TKXSBase
Interface_Check,exchange::interface,TKXSBase
Interface_CheckFailure,exchange::interface,TKXSBase
Interface_CheckIterator,exchange::interface,TKXSBase
Interface_CheckTool,exchange::interface,TKXSBase
Interface_CopyControl,exchange::interface,TKXSBase
Interface_CopyMap,exchange::interface,TKXSBase
Interface_CopyTool,exchange::interface,TKXSBase
Interface_EntityCluster,exchange::interface,TKXSBase
Interface_EntityIterator,exchange::interface,TKXSBase
Interface_EntityList,exchange::interface,TKXSBase
Interface_FileParameter,exchange::interface,TKXSBase
Interface_FileReaderData,exchange::interface,TKXSBase
Interface_FileReaderTool,exchange::interface,TKXSBase
Interface_FloatWriter,exchange::interface,TKXSBase
Interface_GTool,exchange::interface,TKXSBase
Interface_GeneralLib,exchange::interface,TKXSBase
Interface_GeneralModule,exchange::interface,TKXSBase
Interface_GlobalNodeOfGeneralLib,exchange::interface,TKXSBase
Interface_GlobalNodeOfReaderLib,exchange::interface,TKXSBase
Interface_Graph,exchange::interface,TKXSBase
Interface_GraphContent,exchange::interface,TKXSBase
Interface_HGraph,exchange::interface,TKXSBase
Interface_IntList,exchange::interface,TKXSBase
Interface_IntVal,exchange::interface,TKXSBase
Interface_InterfaceError,exchange::interface,TKXSBase
Interface_InterfaceMismatch,exchange::interface,TKXSBase
Interface_InterfaceModel,exchange::interface,TKXSBase
Interface_LineBuffer,exchange::interface,TKXSBase
Interface_MSG,exchange::interface,TKXSBase
Interface_NodeOfGeneralLib,exchange::interface,TKXSBase
Interface_NodeOfReaderLib,exchange::interface,TKXSBase
Interface_ParamList,exchange::interface,TKXSBase
Interface_ParamSet,exchange::interface,TKXSBase
Interface_Protocol,exchange::interface,TKXSBase
Interface_ReaderLib,exchange::interface,TKXSBase
Interface_ReaderModule,exchange::interface,TKXSBase
Interface_ReportEntity,exchange::interface,TKXSBase
Interface_STAT,exchange::interface,TKXSBase
Interface_ShareFlags,exchange::interface,TKXSBase
Interface_ShareTool,exchange::interface,TKXSBase
Interface_SignLabel,exchange::interface,TKXSBase
Interface_SignType,exchange::interface,TKXSBase
Interface_Static,exchange::interface,TKXSBase
Interface_TypedValue,exchange::interface,TKXSBase
Interface_UndefinedContent,exchange::interface,TKXSBase
MoniTool_AttrList,exchange::monitor,TKXSBase
MoniTool_CaseData,exchange::monitor,TKXSBase
MoniTool_DataInfo,exchange::monitor,TKXSBase
MoniTool_Element,exchange::monitor,TKXSBase
MoniTool_IntVal,exchange::monitor,TKXSBase
MoniTool_RealVal,exchange::monitor,TKXSBase
MoniTool_SignShape,exchange::monitor,TKXSBase
MoniTool_SignText,exchange::monitor,TKXSBase
MoniTool_Stat,exchange::monitor,TKXSBase
MoniTool_Timer,exchange::monitor,TKXSBase
MoniTool_TimerSentry,exchange::monitor,TKXSBase
MoniTool_TransientElem,exchange::monitor,TKXSBase
MoniTool_TypedValue,exchange::monitor,TKXSBase
TransferBRep,exchange::transfer::brep,TKXSBase
TransferBRep_BinderOfShape,exchange::transfer::brep,TKXSBase
TransferBRep_Reader,exchange::transfer::brep,TKXSBase
TransferBRep_ShapeBinder,exchange::transfer::brep,TKXSBase
TransferBRep_ShapeInfo,exchange::transfer::brep,TKXSBase
TransferBRep_ShapeListBinder,exchange::transfer::brep,TKXSBase
TransferBRep_ShapeMapper,exchange::transfer::brep,TKXSBase
TransferBRep_TransferResultInfo,exchange::transfer::brep,TKXSBase
Transfer_ActorDispatch,exchange::transfer,TKXSBase
Transfer_ActorOfFinderProcess,exchange::transfer,TKXSBase
Transfer_ActorOfProcessForFinder,exchange::transfer,TKXSBase
Transfer_ActorOfProcessForTransient,exchange::transfer,TKXSBase
Transfer_ActorOfTransientProcess,exchange::transfer,TKXSBase
Transfer_Binder,exchange::transfer,TKXSBase
Transfer_BinderOfTransientInteger,exchange::transfer,TKXSBase
Transfer_DataInfo,exchange::transfer,TKXSBase
Transfer_DispatchControl,exchange::transfer,TKXSBase
Transfer_FindHasher,exchange::transfer,TKXSBase
Transfer_Finder,exchange::transfer,TKXSBase
Transfer_FinderProcess,exchange::transfer,TKXSBase
Transfer_IteratorOfProcessForFinder,exchange::transfer,TKXSBase
Transfer_IteratorOfProcessForTransient,exchange::transfer,TKXSBase
Transfer_MapContainer,exchange::transfer,TKXSBase
Transfer_MultipleBinder,exchange::transfer,TKXSBase
Transfer_ProcessForFinder,exchange::transfer,TKXSBase
Transfer_ProcessForTransient,exchange::transfer,TKXSBase
Transfer_ResultFromModel,exchange::transfer,TKXSBase
Transfer_ResultFromTransient,exchange::transfer,TKXSBase
Transfer_SimpleBinderOfTransient,exchange::transfer,TKXSBase
Transfer_TransferDispatch,exchange::transfer,TKXSBase
Transfer_TransferFailure,exchange::transfer,TKXSBase
Transfer_TransferInput,exchange::transfer,TKXSBase
Transfer_TransferIterator,exchange::transfer,TKXSBase
Transfer_TransferOutput,exchange::transfer,TKXSBase
Transfer_TransientListBinder,exchange::transfer,TKXSBase
Transfer_TransientMapper,exchange::transfer,TKXSBase
Transfer_TransientProcess,exchange::transfer,TKXSBase
Transfer_VoidBinder,exchange::transfer,TKXSBase
XSAlgo,exchange::algo,TKXSBase
XSAlgo_AlgoContainer,exchange::algo,TKXSBase
XSAlgo_ShapeProcessor,exchange::algo,TKXSBase
XSControl,exchange::control,TKXSBase
XSControl_ConnectedShapes,exchange::control,TKXSBase
XSControl_Controller,exchange::control,TKXSBase
XSControl_FuncShape,exchange::control,TKXSBase
XSControl_Functions,exchange::control,TKXSBase
XSControl_Reader,exchange::control,TKXSBase
XSControl_SelectForTransfer,exchange::control,TKXSBase
XSControl_SignTransferStatus,exchange::control,TKXSBase
XSControl_TransferReader,exchange::control,TKXSBase
XSControl_TransferWriter,exchange::control,TKXSBase
XSControl_Utils,exchange::control,TKXSBase
XSControl_Vars,exchange::control,TKXSBase
XSControl_WorkSession,exchange::control,TKXSBase
XSControl_Writer,exchange::control,TKXSBase
XSDRAW,test::exchange,TKXSDRAW
XSDRAW_Functions,test::exchange,TKXSDRAW
XSDRAW_Vars,test::exchange,TKXSDRAW
XSDRAWDE,test::exchange::de,TKXSDRAWDE
XSDRAWGLTF,test::exchange::gltf,TKXSDRAWGLTF
XSDRAWIGES,test::exchange::iges,TKXSDRAWIGES
XSDRAWOBJ,test::exchange::obj,TKXSDRAWOBJ
XSDRAWPLY,test::exchange::ply,TKXSDRAWPLY
XSDRAWSTEP,test::exchange::step,TKXSDRAWSTEP
XSDRAWSTL,test::exchange::stl,TKXSDRAWSTL
XSDRAWSTL_DataSource,test::exchange::stl,TKXSDRAWSTL
XSDRAWSTL_DataSource3D,test::exchange::stl,TKXSDRAWSTL
XSDRAWSTL_DrawableMesh,test::exchange::stl,TKXSDRAWSTL
XSDRAWVRML,test::exchange::vrml,TKXSDRAWVRML
XmlDrivers,app::storage::xml::drivers,TKXml
XmlDrivers_DocumentRetrievalDriver,app::storage::xml::drivers,TKXml
XmlDrivers_DocumentStorageDriver,app::storage::xml::drivers,TKXml
XmlMDataXtd,app::storage::xml::dataxtd,TKXml
XmlMDataXtd_ConstraintDriver,app::storage::xml::dataxtd,TKXml
XmlMDataXtd_GeometryDriver,app::storage::xml::dataxtd,TKXml
XmlMDataXtd_PatternStdDriver,app::storage::xml::dataxtd,TKXml
XmlMDataXtd_PositionDriver,app::storage::xml::dataxtd,TKXml
XmlMDataXtd_PresentationDriver,app::storage::xml::dataxtd,TKXml
XmlMDataXtd_TriangulationDriver,app::storage::xml::dataxtd,TKXml
XmlMNaming,app::storage::xml::naming,TKXml
XmlMNaming_NamedShapeDriver,app::storage::xml::naming,TKXml
XmlMNaming_NamingDriver,app::storage::xml::naming,TKXml
XmlMNaming_Shape1,app::storage::xml::naming,TKXml
XmlLDrivers,app::storage::xml::litedrivers,TKXmlL
XmlLDrivers_DocumentRetrievalDriver,app::storage::xml::litedrivers,TKXmlL
XmlLDrivers_DocumentStorageDriver,app::storage::xml::litedrivers,TKXmlL
XmlLDrivers_NamespaceDef,app::storage::xml::litedrivers,TKXmlL
XmlMDF,app::storage::xml::mdf,TKXmlL
XmlMDF_ADriver,app::storage::xml::mdf,TKXmlL
XmlMDF_ADriverTable,app::storage::xml::mdf,TKXmlL
XmlMDF_DerivedDriver,app::storage::xml::mdf,TKXmlL
XmlMDF_ReferenceDriver,app::storage::xml::mdf,TKXmlL
XmlMDF_TagSourceDriver,app::storage::xml::mdf,TKXmlL
XmlMDataStd,app::storage::xml::datastd,TKXmlL
XmlMDataStd_AsciiStringDriver,app::storage::xml::datastd,TKXmlL
XmlMDataStd_BooleanArrayDriver,app::storage::xml::datastd,TKXmlL
XmlMDataStd_BooleanListDriver,app::storage::xml::datastd,TKXmlL
XmlMDataStd_ByteArrayDriver,app::storage::xml::datastd,TKXmlL
XmlMDataStd_ExpressionDriver,app::storage::xml::datastd,TKXmlL
XmlMDataStd_ExtStringArrayDriver,app::storage::xml::datastd,TKXmlL
XmlMDataStd_ExtStringListDriver,app::storage::xml::datastd,TKXmlL
XmlMDataStd_GenericEmptyDriver,app::storage::xml::datastd,TKXmlL
XmlMDataStd_GenericExtStringDriver,app::storage::xml::datastd,TKXmlL
XmlMDataStd_IntPackedMapDriver,app::storage::xml::datastd,TKXmlL
XmlMDataStd_IntegerArrayDriver,app::storage::xml::datastd,TKXmlL
XmlMDataStd_IntegerDriver,app::storage::xml::datastd,TKXmlL
XmlMDataStd_IntegerListDriver,app::storage::xml::datastd,TKXmlL
XmlMDataStd_NamedDataDriver,app::storage::xml::datastd,TKXmlL
XmlMDataStd_RealArrayDriver,app::storage::xml::datastd,TKXmlL
XmlMDataStd_RealDriver,app::storage::xml::datastd,TKXmlL
XmlMDataStd_RealListDriver,app::storage::xml::datastd,TKXmlL
XmlMDataStd_ReferenceArrayDriver,app::storage::xml::datastd,TKXmlL
XmlMDataStd_ReferenceListDriver,app::storage::xml::datastd,TKXmlL
XmlMDataStd_TreeNodeDriver,app::storage::xml::datastd,TKXmlL
XmlMDataStd_UAttributeDriver,app::storage::xml::datastd,TKXmlL
XmlMDataStd_VariableDriver,app::storage::xml::datastd,TKXmlL
XmlMDocStd,app::storage::xml::docstd,TKXmlL
XmlMDocStd_XLinkDriver,app::storage::xml::docstd,TKXmlL
XmlMFunction,app::storage::xml::function,TKXmlL
XmlMFunction_FunctionDriver,app::storage::xml::function,TKXmlL
XmlMFunction_GraphNodeDriver,app::storage::xml::function,TKXmlL
XmlMFunction_ScopeDriver,app::storage::xml::function,TKXmlL
XmlObjMgt,app::storage::xml::management,TKXmlL
XmlObjMgt_Array1,app::storage::xml::management,TKXmlL
XmlObjMgt_GP,app::storage::xml::management,TKXmlL
XmlObjMgt_Persistent,app::storage::xml::management,TKXmlL
XmlObjMgt_RRelocationTable,app::storage::xml::management,TKXmlL
XmlObjMgt_SRelocationTable,app::storage::xml::management,TKXmlL
XmlTObjDrivers,app::storage::xml::tobj,TKXmlTObj
XmlTObjDrivers_DocumentRetrievalDriver,app::storage::xml::tobj,TKXmlTObj
XmlTObjDrivers_DocumentStorageDriver,app::storage::xml::tobj,TKXmlTObj
XmlTObjDrivers_IntSparseArrayDriver,app::storage::xml::tobj,TKXmlTObj
XmlTObjDrivers_ModelDriver,app::storage::xml::tobj,TKXmlTObj
XmlTObjDrivers_ObjectDriver,app::storage::xml::tobj,TKXmlTObj
XmlTObjDrivers_ReferenceDriver,app::storage::xml::tobj,TKXmlTObj
XmlTObjDrivers_XYZDriver,app::storage::xml::tobj,TKXmlTObj
XmlMXCAFDoc,app::storage::xml::xcaf,TKXmlXCAF
XmlMXCAFDoc_AssemblyItemRefDriver,app::storage::xml::xcaf,TKXmlXCAF
XmlMXCAFDoc_CentroidDriver,app::storage::xml::xcaf,TKXmlXCAF
XmlMXCAFDoc_ColorDriver,app::storage::xml::xcaf,TKXmlXCAF
XmlMXCAFDoc_DatumDriver,app::storage::xml::xcaf,TKXmlXCAF
XmlMXCAFDoc_DimTolDriver,app::storage::xml::xcaf,TKXmlXCAF
XmlMXCAFDoc_GraphNodeDriver,app::storage::xml::xcaf,TKXmlXCAF
XmlMXCAFDoc_LengthUnitDriver,app::storage::xml::xcaf,TKXmlXCAF
XmlMXCAFDoc_LocationDriver,app::storage::xml::xcaf,TKXmlXCAF
XmlMXCAFDoc_MaterialDriver,app::storage::xml::xcaf,TKXmlXCAF
XmlMXCAFDoc_NoteBinDataDriver,app::storage::xml::xcaf,TKXmlXCAF
XmlMXCAFDoc_NoteCommentDriver,app::storage::xml::xcaf,TKXmlXCAF
XmlMXCAFDoc_NoteDriver,app::storage::xml::xcaf,TKXmlXCAF
XmlMXCAFDoc_VisMaterialDriver,app::storage::xml::xcaf,TKXmlXCAF
XmlMXCAFDoc_VisMaterialToolDriver,app::storage::xml::xcaf,TKXmlXCAF
XmlXCAFDrivers,app::storage::xml::xcaf::drivers,TKXmlXCAF
XmlXCAFDrivers_DocumentRetrievalDriver,app::storage::xml::xcaf::drivers,TKXmlXCAF
XmlXCAFDrivers_DocumentStorageDriver,app::storage::xml::xcaf::drivers,TKXmlXCAF
LDOMBasicString,exchange::xml::string,Unknown
LDOMParser,exchange::xml::parser,Unknown
LDOMString,exchange::xml::stringref,Unknown
FSD_Base64,app::file::stream,TKernel
FSD_BinaryFile,app::file::stream,TKernel
FSD_CmpFile,app::file::stream,TKernel
FSD_File,app::file::stream,TKernel
Message,System::log,TKernel
Message_Alert,System::log,TKernel
Message_AlertExtended,System::log,TKernel
Message_Algorithm,System::log,TKernel
Message_Attribute,System::log,TKernel
Message_AttributeMeter,System::log,TKernel
Message_AttributeObject,System::log,TKernel
Message_AttributeStream,System::log,TKernel
Message_CompositeAlerts,System::log,TKernel
Message_LazyProgressScope,System::log,TKernel
Message_Level,System::log,TKernel
Message_Messenger,System::log,TKernel
Message_Msg,System::log,TKernel
Message_MsgFile,System::log,TKernel
Message_Printer,System::log,TKernel
Message_PrinterOStream,System::log,TKernel
Message_PrinterSystemLog,System::log,TKernel
Message_PrinterToReport,System::log,TKernel
Message_ProgressIndicator,System::log,TKernel
Message_ProgressRange,System::log,TKernel
Message_ProgressScope,System::log,TKernel
Message_Report,System::log,TKernel
NCollection_AccAllocator,,TKernel
NCollection_AliasedArray,,TKernel
NCollection_AlignedAllocator,,TKernel
NCollection_Allocator,,TKernel
NCollection_Array1,,TKernel
NCollection_Array2,,TKernel
NCollection_BaseAllocator,,TKernel
NCollection_BaseList,,TKernel
NCollection_BaseMap,,TKernel
NCollection_BasePointerVector,,TKernel
NCollection_BaseSequence,,TKernel
NCollection_Buffer,,TKernel
NCollection_CellFilter,,TKernel
NCollection_DataMap,,TKernel
NCollection_DefaultHasher,,TKernel
NCollection_DoubleMap,,TKernel
NCollection_Handle,,TKernel
NCollection_HeapAllocator,,TKernel
NCollection_IncAllocator,,TKernel
NCollection_IndexedDataMap,,TKernel
NCollection_IndexedIterator,,TKernel
NCollection_IndexedMap,,TKernel
NCollection_Iterator,,TKernel
NCollection_Lerp,,TKernel
NCollection_List,,TKernel
NCollection_ListNode,,TKernel
NCollection_LocalArray,,TKernel
NCollection_Map,,TKernel
NCollection_Mat4,,TKernel
NCollection_OccAllocator,,TKernel
NCollection_Sequence,,TKernel
NCollection_Shared,,TKernel
NCollection_SparseArray,,TKernel
NCollection_SparseArrayBase,,TKernel
NCollection_StlIterator,,TKernel
NCollection_TListNode,,TKernel
NCollection_UBTree,,TKernel
NCollection_UBTreeFiller,,TKernel
NCollection_UtfIterator,,TKernel
NCollection_UtfString,,TKernel
NCollection_Vec2,,TKernel
NCollection_Vec3,,TKernel
NCollection_Vec4,,TKernel
NCollection_WinHeapAllocator,,TKernel
OSD,System::os,TKernel
OSD_CachedFileSystem,System::os,TKernel
OSD_Chronometer,System::os,TKernel
OSD_Directory,System::os,TKernel
OSD_DirectoryIterator,System::os,TKernel
OSD_Disk,System::os,TKernel
OSD_Environment,System::os,TKernel
OSD_Error,System::os,TKernel
OSD_Exception,System::os,TKernel
OSD_Exception_ACCESS_VIOLATION,System::os,TKernel
OSD_Exception_ARRAY_BOUNDS_EXCEEDED,System::os,TKernel
OSD_Exception_CTRL_BREAK,System::os,TKernel
OSD_Exception_ILLEGAL_INSTRUCTION,System::os,TKernel
OSD_Exception_INT_OVERFLOW,System::os,TKernel
OSD_Exception_INVALID_DISPOSITION,System::os,TKernel
OSD_Exception_IN_PAGE_ERROR,System::os,TKernel
OSD_Exception_NONCONTINUABLE_EXCEPTION,System::os,TKernel
OSD_Exception_PRIV_INSTRUCTION,System::os,TKernel
OSD_Exception_STACK_OVERFLOW,System::os,TKernel
OSD_Exception_STATUS_NO_MEMORY,System::os,TKernel
OSD_File,System::os,TKernel
OSD_FileIterator,System::os,TKernel
OSD_FileNode,System::os,TKernel
OSD_FileSystem,System::os,TKernel
OSD_FileSystemSelector,System::os,TKernel
OSD_Host,System::os,TKernel
OSD_LocalFileSystem,System::os,TKernel
OSD_MemInfo,System::os,TKernel
OSD_OSDError,System::os,TKernel
OSD_Parallel,System::os,TKernel
OSD_Path,System::os,TKernel
OSD_PerfMeter,System::os,TKernel
OSD_Process,System::os,TKernel
OSD_Protection,System::os,TKernel
OSD_SIGBUS,System::os,TKernel
OSD_SIGHUP,System::os,TKernel
OSD_SIGILL,System::os,TKernel
OSD_SIGINT,System::os,TKernel
OSD_SIGKILL,System::os,TKernel
OSD_SIGQUIT,System::os,TKernel
OSD_SIGSEGV,System::os,TKernel
OSD_SIGSYS,System::os,TKernel
OSD_SharedLibrary,System::os,TKernel
OSD_Signal,System::os,TKernel
OSD_StreamBuffer,System::os,TKernel
OSD_Thread,System::os,TKernel
OSD_ThreadPool,System::os,TKernel
OSD_Timer,System::os,TKernel
Plugin,System::plugin,TKernel
Plugin_Failure,System::plugin,TKernel
Precision,math::precision,TKernel
Quantity_Color,,TKernel
Quantity_ColorRGBA,,TKernel
Quantity_Date,,TKernel
Quantity_DateDefinitionError,,TKernel
Quantity_Period,,TKernel
Quantity_PeriodDefinitionError,,TKernel
Resource_LexicalCompare,System::resource,TKernel
Resource_Manager,System::resource,TKernel
Resource_NoSuchResource,System::resource,TKernel
Resource_Unicode,System::resource,TKernel
Standard,,TKernel
Standard_ArrayStreamBuffer,,TKernel
Standard_CLocaleSentry,,TKernel
Standard_CStringHasher,,TKernel
Standard_Condition,,TKernel
Standard_ConstructionError,,TKernel
Standard_DimensionError,,TKernel
Standard_DimensionMismatch,,TKernel
Standard_DivideByZero,,TKernel
Standard_DomainError,,TKernel
Standard_Dump,,TKernel
Standard_ErrorHandler,,TKernel
Standard_Failure,,TKernel
Standard_GUID,,TKernel
Standard_ImmutableObject,,TKernel
Standard_LicenseError,,TKernel
Standard_MMgrOpt,,TKernel
Standard_MMgrRoot,,TKernel
Standard_MultiplyDefined,,TKernel
Standard_Mutex,,TKernel
Standard_NegativeValue,,TKernel
Standard_NoMoreObject,,TKernel
Standard_NoSuchObject,,TKernel
Standard_NotImplemented,,TKernel
Standard_NullObject,,TKernel
Standard_NullValue,,TKernel
Standard_NumericError,,TKernel
Standard_OutOfMemory,,TKernel
Standard_OutOfRange,,TKernel
Standard_Overflow,,TKernel
Standard_Persistent,,TKernel
Standard_ProgramError,,TKernel
Standard_RangeError,,TKernel
Standard_ReadBuffer,,TKernel
Standard_ReadLineBuffer,,TKernel
Standard_Transient,,TKernel
Standard_Type,,TKernel
Standard_TypeMismatch,,TKernel
Standard_Underflow,,TKernel
StdFail_InfiniteSolutions,,TKernel
StdFail_NotDone,,TKernel
StdFail_UndefinedDerivative,,TKernel
Storage,app::storage,TKernel
Storage_BaseDriver,app::storage,TKernel
Storage_CallBack,app::storage,TKernel
Storage_Data,app::storage,TKernel
Storage_DefaultCallBack,app::storage,TKernel
Storage_HeaderData,app::storage,TKernel
Storage_InternalData,app::storage,TKernel
Storage_Root,app::storage,TKernel
Storage_RootData,app::storage,TKernel
Storage_Schema,app::storage,TKernel
Storage_StreamExtCharParityError,app::storage,TKernel
Storage_StreamFormatError,app::storage,TKernel
Storage_StreamReadError,app::storage,TKernel
Storage_StreamTypeMismatchError,app::storage,TKernel
Storage_StreamWriteError,app::storage,TKernel
Storage_TypeData,app::storage,TKernel
Storage_TypedCallBack,app::storage,TKernel
TColStd_HPackedMapOfInteger,,TKernel
TColStd_PackedMapOfInteger,,TKernel
TCollection_AsciiString,,TKernel
TCollection_ExtendedString,,TKernel
TCollection_HAsciiString,,TKernel
TCollection_HExtendedString,,TKernel
Units,,TKernel
UnitsAPI,,TKernel
UnitsMethods,,TKernel
Units_Dimensions,,TKernel
Units_Explorer,,TKernel
Units_Lexicon,,TKernel
Units_MathSentence,,TKernel
Units_Measurement,,TKernel
Units_NoSuchType,,TKernel
Units_NoSuchUnit,,TKernel
Units_Quantity,,TKernel
Units_Sentence,,TKernel
Units_ShiftedToken,,TKernel
Units_ShiftedUnit,,TKernel
Units_Token,,TKernel
Units_Unit,,TKernel
Units_UnitSentence,,TKernel
Units_UnitsDictionary,,TKernel
Units_UnitsLexicon,,TKernel
Units_UnitsSystem,,TKernel
BSplCLib,math::bspline::c_lib,TKMath
BSplCLib_Cache,math::bspline::c_lib,TKMath
BSplSLib,math::bspline::s_lib,TKMath
BSplSLib_Cache,math::bspline::s_lib,TKMath
BVH_BinnedBuilder,,TKMath
BVH_Box,,TKMath
BVH_BoxSet,,TKMath
BVH_BuildQueue,,TKMath
BVH_BuildThread,,TKMath
BVH_Builder,,TKMath
BVH_Distance,,TKMath
BVH_DistanceField,,TKMath
BVH_Geometry,,TKMath
BVH_IndexedBoxSet,,TKMath
BVH_LinearBuilder,,TKMath
BVH_Object,,TKMath
BVH_PairDistance,,TKMath
BVH_PrimitiveSet,,TKMath
BVH_Properties,,TKMath
BVH_QueueBuilder,,TKMath
BVH_QuickSorter,,TKMath
BVH_RadixSorter,,TKMath
BVH_Ray,,TKMath
BVH_Set,,TKMath
BVH_Sorter,,TKMath
BVH_SpatialMedianBuilder,,TKMath
BVH_SweepPlaneBuilder,,TKMath
BVH_Tools,,TKMath
BVH_Traverse,,TKMath
BVH_Tree,,TKMath
BVH_Triangulation,,TKMath
Bnd_B2,math::bounds,TKMath
Bnd_B3,math::bounds,TKMath
Bnd_BoundSortBox,math::bounds,TKMath
Bnd_Box,math::bounds,TKMath
Bnd_Box2d,math::bounds,TKMath
Bnd_OBB,math::bounds,TKMath
Bnd_Range,math::bounds,TKMath
Bnd_Sphere,math::bounds,TKMath
Bnd_Tools,math::bounds,TKMath
CSLib,math::calculus::library,TKMath
CSLib_Class2d,math::calculus::library,TKMath
CSLib_NormalPolyDef,math::calculus::library,TKMath
Convert_CircleToBSplineCurve,math::convert,TKMath
Convert_CompBezierCurves2dToBSplineCurve2d,math::convert,TKMath
Convert_CompBezierCurvesToBSplineCurve,math::convert,TKMath
Convert_CompPolynomialToPoles,math::convert,TKMath
Convert_ConeToBSplineSurface,math::convert,TKMath
Convert_ConicToBSplineCurve,math::convert,TKMath
Convert_CylinderToBSplineSurface,math::convert,TKMath
Convert_ElementarySurfaceToBSplineSurface,math::convert,TKMath
Convert_EllipseToBSplineCurve,math::convert,TKMath
Convert_GridPolynomialToPoles,math::convert,TKMath
Convert_HyperbolaToBSplineCurve,math::convert,TKMath
Convert_ParabolaToBSplineCurve,math::convert,TKMath
Convert_SphereToBSplineSurface,math::convert,TKMath
Convert_TorusToBSplineSurface,math::convert,TKMath
ElCLib,math::elementary::curvelib,TKMath
ElSLib,math::elementary::surfacelib,TKMath
PLib,math::polynomial,TKMath
PLib_HermitJacobi,math::polynomial,TKMath
PLib_JacobiPolynomial,math::polynomial,TKMath
Poly,math::poly,TKMath
Poly_ArrayOfNodes,math::poly,TKMath
Poly_ArrayOfUVNodes,math::poly,TKMath
Poly_CoherentLink,math::poly,TKMath
Poly_CoherentNode,math::poly,TKMath
Poly_CoherentTriPtr,math::poly,TKMath
Poly_CoherentTriangle,math::poly,TKMath
Poly_CoherentTriangulation,math::poly,TKMath
Poly_Connect,math::poly,TKMath
Poly_MakeLoops,math::poly,TKMath
Poly_MergeNodesTool,math::poly,TKMath
Poly_Polygon2D,math::poly,TKMath
Poly_Polygon3D,math::poly,TKMath
Poly_PolygonOnTriangulation,math::poly,TKMath
Poly_Triangle,math::poly,TKMath
Poly_Triangulation,math::poly,TKMath
Poly_TriangulationParameters,math::poly,TKMath
TopLoc_Datum3D,topology::location,TKMath
TopLoc_ItemLocation,topology::location,TKMath
TopLoc_Location,topology::location,TKMath
TopLoc_SListNodeOfItemLocation,topology::location,TKMath
TopLoc_SListOfItemLocation,topology::location,TKMath
gp,math,TKMath
gp_Ax1,math,TKMath
gp_Ax2,math,TKMath
gp_Ax22d,math,TKMath
gp_Ax2d,math,TKMath
gp_Ax3,math,TKMath
gp_Circ,math,TKMath
gp_Circ2d,math,TKMath
gp_Cone,math,TKMath
gp_Cylinder,math,TKMath
gp_Dir,math,TKMath
gp_Dir2d,math,TKMath
gp_Elips,math,TKMath
gp_Elips2d,math,TKMath
gp_GTrsf,math,TKMath
gp_GTrsf2d,math,TKMath
gp_Hypr,math,TKMath
gp_Hypr2d,math,TKMath
gp_Lin,math,TKMath
gp_Lin2d,math,TKMath
gp_Mat,math,TKMath
gp_Mat2d,math,TKMath
gp_Parab,math,TKMath
gp_Parab2d,math,TKMath
gp_Pln,math,TKMath
gp_Pnt,math,TKMath
gp_Pnt2d,math,TKMath
gp_Quaternion,math,TKMath
gp_QuaternionNLerp,math,TKMath
gp_QuaternionSLerp,math,TKMath
gp_Sphere,math,TKMath
gp_Torus,math,TKMath
gp_Trsf,math,TKMath
gp_Trsf2d,math,TKMath
gp_Vec,math,TKMath
gp_Vec2d,math,TKMath
gp_VectorWithNullMagnitude,math,TKMath
gp_XY,math,TKMath
gp_XYZ,math,TKMath
math,,TKMath,手动处理直接从class改成namespace
math_BFGS,math::solver,TKMath
math_BissecNewton,math::solver,TKMath
math_BracketMinimum,math::solver,TKMath
math_BracketedRoot,math::solver,TKMath
math_BrentMinimum,math::solver,TKMath
math_BullardGenerator,math::solver,TKMath
math_ComputeGaussPointsAndWeights,math::solver,TKMath
math_ComputeKronrodPointsAndWeights,math::solver,TKMath
math_Crout,math::solver,TKMath
math_DirectPolynomialRoots,math::solver,TKMath
math_DoubleTab,math::solver,TKMath
math_EigenValuesSearcher,math::solver,TKMath
math_FRPR,math::solver,TKMath
math_Function,math::solver,TKMath
math_FunctionAllRoots,math::solver,TKMath
math_FunctionRoot,math::solver,TKMath
math_FunctionRoots,math::solver,TKMath
math_FunctionSample,math::solver,TKMath
math_FunctionSet,math::solver,TKMath
math_FunctionSetRoot,math::solver,TKMath
math_FunctionSetWithDerivatives,math::solver,TKMath
math_FunctionWithDerivative,math::solver,TKMath
math_Gauss,math::solver,TKMath
math_GaussLeastSquare,math::solver,TKMath
math_GaussMultipleIntegration,math::solver,TKMath
math_GaussSetIntegration,math::solver,TKMath
math_GaussSingleIntegration,math::solver,TKMath
math_GlobOptMin,math::solver,TKMath
math_Householder,math::solver,TKMath
math_Jacobi,math::solver,TKMath
math_KronrodSingleIntegration,math::solver,TKMath
math_Matrix,math::solver,TKMath
math_MultipleVarFunction,math::solver,TKMath
math_MultipleVarFunctionWithGradient,math::solver,TKMath
math_MultipleVarFunctionWithHessian,math::solver,TKMath
math_NewtonFunctionRoot,math::solver,TKMath
math_NewtonFunctionSetRoot,math::solver,TKMath
math_NewtonMinimum,math::solver,TKMath
math_NotSquare,math::solver,TKMath
math_PSO,math::solver,TKMath
math_PSOParticlesPool,math::solver,TKMath
math_Powell,math::solver,TKMath
math_SVD,math::solver,TKMath
math_SingularMatrix,math::solver,TKMath
math_TrigonometricEquationFunction,math::solver,TKMath
math_TrigonometricFunctionRoots,math::solver,TKMath
math_Uzawa,math::solver,TKMath
math_ValueAndWeight,math::solver,TKMath
math_VectorBase,math::solver,TKMath
BOPAlgo_Algo,algorithm::boolean,TKBO
BOPAlgo_ArgumentAnalyzer,algorithm::boolean,TKBO
BOPAlgo_BOP,algorithm::boolean,TKBO
BOPAlgo_Builder,algorithm::boolean,TKBO
BOPAlgo_BuilderArea,algorithm::boolean,TKBO
BOPAlgo_BuilderFace,algorithm::boolean,TKBO
BOPAlgo_BuilderShape,algorithm::boolean,TKBO
BOPAlgo_BuilderSolid,algorithm::boolean,TKBO
BOPAlgo_CellsBuilder,algorithm::boolean,TKBO
BOPAlgo_CheckResult,algorithm::boolean,TKBO
BOPAlgo_CheckerSI,algorithm::boolean,TKBO
BOPAlgo_MakeConnected,algorithm::boolean,TKBO
BOPAlgo_MakePeriodic,algorithm::boolean,TKBO
BOPAlgo_MakerVolume,algorithm::boolean,TKBO
BOPAlgo_Options,algorithm::boolean,TKBO
BOPAlgo_PaveFiller,algorithm::boolean,TKBO
BOPAlgo_RemoveFeatures,algorithm::boolean,TKBO
BOPAlgo_Section,algorithm::boolean,TKBO
BOPAlgo_SectionAttribute,algorithm::boolean,TKBO
BOPAlgo_ShellSplitter,algorithm::boolean,TKBO
BOPAlgo_Splitter,algorithm::boolean,TKBO
BOPAlgo_Tools,algorithm::boolean,TKBO
BOPAlgo_ToolsProvider,algorithm::boolean,TKBO
BOPAlgo_WireEdgeSet,algorithm::boolean,TKBO
BOPAlgo_WireSplitter,algorithm::boolean,TKBO
BOPDS_CommonBlock,algorithm::boolean::data,TKBO
BOPDS_CoupleOfPaveBlocks,algorithm::boolean::data,TKBO
BOPDS_Curve,algorithm::boolean::data,TKBO
BOPDS_DS,algorithm::boolean::data,TKBO
BOPDS_FaceInfo,algorithm::boolean::data,TKBO
BOPDS_IndexRange,algorithm::boolean::data,TKBO
BOPDS_Interf,algorithm::boolean::data,TKBO
BOPDS_Iterator,algorithm::boolean::data,TKBO
BOPDS_IteratorSI,algorithm::boolean::data,TKBO
BOPDS_Pair,algorithm::boolean::data,TKBO
BOPDS_Pave,algorithm::boolean::data,TKBO
BOPDS_PaveBlock,algorithm::boolean::data,TKBO
BOPDS_Point,algorithm::boolean::data,TKBO
BOPDS_ShapeInfo,algorithm::boolean::data,TKBO
BOPDS_SubIterator,algorithm::boolean::data,TKBO
BOPDS_Tools,algorithm::boolean::data,TKBO
BOPTools_AlgoTools,algorithm::boolean::utils,TKBO
BOPTools_AlgoTools2D,algorithm::boolean::utils,TKBO
BOPTools_AlgoTools3D,algorithm::boolean::utils,TKBO
BOPTools_BoxSelector,algorithm::boolean::utils,TKBO
BOPTools_ConnexityBlock,algorithm::boolean::utils,TKBO
BOPTools_CoupleOfShape,algorithm::boolean::utils,TKBO
BOPTools_Parallel,algorithm::boolean::utils,TKBO
BOPTools_Set,algorithm::boolean::utils,TKBO
BRepAlgoAPI_Algo,algorithm::boolean,TKBO
BRepAlgoAPI_BooleanOperation,algorithm::boolean,TKBO
BRepAlgoAPI_BuilderAlgo,algorithm::boolean,TKBO
BRepAlgoAPI_Check,algorithm::boolean,TKBO
BRepAlgoAPI_Common,algorithm::boolean,TKBO
BRepAlgoAPI_Cut,algorithm::boolean,TKBO
BRepAlgoAPI_Defeaturing,algorithm::boolean,TKBO
BRepAlgoAPI_Fuse,algorithm::boolean,TKBO
BRepAlgoAPI_Section,algorithm::boolean,TKBO
BRepAlgoAPI_Splitter,algorithm::boolean,TKBO
IntTools,algorithm::intersect::tools,TKBO
IntTools_BaseRangeSample,algorithm::intersect::tools,TKBO
IntTools_BeanFaceIntersector,algorithm::intersect::tools,TKBO
IntTools_CommonPrt,algorithm::intersect::tools,TKBO
IntTools_Context,algorithm::intersect::tools,TKBO
IntTools_Curve,algorithm::intersect::tools,TKBO
IntTools_CurveRangeLocalizeData,algorithm::intersect::tools,TKBO
IntTools_CurveRangeSample,algorithm::intersect::tools,TKBO
IntTools_EdgeEdge,algorithm::intersect::tools,TKBO
IntTools_EdgeFace,algorithm::intersect::tools,TKBO
IntTools_FClass2d,algorithm::intersect::tools,TKBO
IntTools_FaceFace,algorithm::intersect::tools,TKBO
IntTools_MarkedRangeSet,algorithm::intersect::tools,TKBO
IntTools_PntOn2Faces,algorithm::intersect::tools,TKBO
IntTools_PntOnFace,algorithm::intersect::tools,TKBO
IntTools_Range,algorithm::intersect::tools,TKBO
IntTools_Root,algorithm::intersect::tools,TKBO
IntTools_ShrunkRange,algorithm::intersect::tools,TKBO
IntTools_SurfaceRangeLocalizeData,algorithm::intersect::tools,TKBO
IntTools_SurfaceRangeSample,algorithm::intersect::tools,TKBO
IntTools_Tools,algorithm::intersect::tools,TKBO
IntTools_TopolTool,algorithm::intersect::tools,TKBO
IntTools_WLineTool,algorithm::intersect::tools,TKBO
